id,source,source_listing_id,url,seller_type,posted_at,updated_at,title,year,make,model,trim,price_usd,mileage,vin,used_new,condition_raw,transmission,fuel,drive,body_type,paint_color,cylinders,title_status,size,location,latitude,longitude,image_urls,seller_phone_numbers,description,extracted_at,parsed_at
craigslist-7915212406,craigslist,7915212406,https://modesto.craigslist.org/ctd/d/modesto-2017-ford-fiesta-financing/7915212406.html,dealer,,,This Ford Fiesta can be yours today!,2017,Ford,Fiesta,,6495,87122,3FADP4BJ4HM143512,,,automatic,gas,fwd,other,gray,4 cylinders,clean,,Modesto,37.6385,-120.968,"[""https://images.craigslist.org/00v0v_RiOvtAYKL0_0jm0ew_600x450.jpg"", ""https://images.craigslist.org/00d0d_i2DZrz4bh98_0jm0ew_600x450.jpg"", ""https://images.craigslist.org/00a0a_djzv6FvayYv_0jm0ew_600x450.jpg"", ""https://images.craigslist.org/00I0I_2GlH6OwiuPJ_0jm0ew_600x450.jpg"", ""https://images.craigslist.org/00707_b04e8FKihi2_0jm0ew_600x450.jpg"", ""https://images.craigslist.org/01313_knjS7EMb2k4_0jm0ew_600x450.jpg"", ""https://images.craigslist.org/00K0K_goEuJZhHey4_0jm0ew_600x450.jpg"", ""https://images.craigslist.org/00202_HXwuTknAAF_0jm0ew_600x450.jpg"", ""https://images.craigslist.org/00y0y_lpohVfTMsMf_0jm0ew_600x450.jpg"", ""https://images.craigslist.org/01515_jJ7PI8FS6Te_0jm0ew_600x450.jpg"", ""https://images.craigslist.org/00000_gkeQq0MCVlZ_0jm0ew_600x450.jpg"", ""https://images.craigslist.org/01111_8xs6HO3MdrQ_0jm0ew_600x450.jpg"", ""https://images.craigslist.org/00E0E_90BbKo2wC2D_0jm0ew_600x450.jpg"", ""https://images.craigslist.org/00k0k_gqbDGjGPVZF_0jm0ew_600x450.jpg"", ""https://images.craigslist.org/00D0D_g9V4lQXmhgR_0jm0ew_600x450.jpg"", ""https://images.craigslist.org/00j0j_5jodJT9CEEr_0jm0ew_600x450.jpg"", ""https://images.craigslist.org/00b0b_7Adamc8XP1t_0jm0ew_600x450.jpg"", ""https://images.craigslist.org/00c0c_1tdS9RHSNGn_0jm0ew_600x450.jpg"", ""https://images.craigslist.org/00b0b_emdOF9rxaSz_0jm0ew_600x450.jpg"", ""https://images.craigslist.org/00i0i_1P16K3FbgT0_0jm0ew_600x450.jpg"", ""https://images.craigslist.org/00G0G_d1H1CMVni3Y_0jm0ew_600x450.jpg"", ""https://images.craigslist.org/00q0q_bw93G4mThvR_0jm0ew_600x450.jpg"", ""https://images.craigslist.org/00b0b_EAXcwW7gyK_0jm0ew_600x450.jpg"", ""https://images.craigslist.org/00M0M_55tlo9rQaqv_0jm0ew_600x450.jpg"", ""https://map6.craigslist.org/t09/14/2686/6340.png"", ""https://map7.craigslist.org/t09/14/2686/6341.png"", ""https://map5.craigslist.org/t09/14/2685/6340.png"", ""https://map7.craigslist.org/t09/14/2687/6340.png"", ""https://map6.craigslist.org/t09/14/2685/6341.png"", ""https://map8.craigslist.org/t09/14/2687/6341.png"", ""https://www.craigslist.org/images/map/marker-shadow.png"", ""https://www.craigslist.org/images/map/marker-icon.png""]","[""(209) 500-6099"", ""209.408.0153"", ""209-408-0153""]","2017 Ford Fiesta for sale - Modesto, CA - craigslist =============== [CL](https://modesto.craigslist.org/) * [modesto](https://modesto.craigslist.org/)> * [for sale by dealer](https://modesto.craigslist.org/search/ssq)> * [cars+trucks](https://modesto.craigslist.org/search/ctd) * [post](https://post.craigslist.org/c/mod) * [account](https://accounts.craigslist.org/login/home) * [0 favorites](https://modesto.craigslist.org/ctd/d/modesto-2017-ford-fiesta-financing/7915212406.html#) * [0 hidden](ht",2026-02-28T02:18:05.377229+00:00,2026-02-28T02:18:05.504828+00:00
craigslist-7918052501,craigslist,7918052501,https://sacramento.craigslist.org/ctd/d/sacramento-2011-ford-fiesta/7918052501.html,dealer,,,This Ford Fiesta can be yours today!,2011,Ford,Fiesta,,4999,111003,3FADP4BJ7BM169660,,,manual,gas,fwd,sedan,custom,4 cylinders,clean,,Sacramento,38.6505,-121.358,"[""https://images.craigslist.org/00n0n_a4DIDDFtMBZ_0jm0cR_600x450.jpg"", ""https://images.craigslist.org/00V0V_hxCjhNb97Ex_0jm0cR_600x450.jpg"", ""https://images.craigslist.org/00N0N_s3iNYAzdS2_0gy0ew_600x450.jpg"", ""https://images.craigslist.org/00X0X_ceiQbE8qOBj_0jm0e4_600x450.jpg"", ""https://images.craigslist.org/00T0T_4IskaEw2Iui_0jm0cx_600x450.jpg"", ""https://images.craigslist.org/00J0J_8pHNAmoxpKz_0jm0cd_600x450.jpg"", ""https://images.craigslist.org/00303_dPTeTvCBQa9_0jm0ea_600x450.jpg"", ""https://images.craigslist.org/00Q0Q_8xbWToUpb6X_0jm0dO_600x450.jpg"", ""https://images.craigslist.org/00A0A_kBrnt909O8e_0hV0ew_600x450.jpg"", ""https://images.craigslist.org/00J0J_iWu9yV6hyjy_0jm0cm_600x450.jpg"", ""https://images.craigslist.org/00o0o_6uPjtQO2RnH_0fO0ew_600x450.jpg"", ""https://images.craigslist.org/00707_37wqMgkPM2O_0jm0ew_600x450.jpg"", ""https://images.craigslist.org/00j0j_6ft4NvdNUZ5_0jm0ew_600x450.jpg"", ""https://images.craigslist.org/00a0a_1yW5hwHXsss_0jm0ew_600x450.jpg"", ""https://images.craigslist.org/00B0B_7P3kmnqnsX1_0jm0ew_600x450.jpg"", ""https://images.craigslist.org/00707_ahbn1UAUJfe_0jm0ew_600x450.jpg"", ""https://images.craigslist.org/00W0W_j6LFAnhoacu_0jm0ew_600x450.jpg"", ""https://images.craigslist.org/00l0l_2D7zNckjORC_0jm0ew_600x450.jpg"", ""https://images.craigslist.org/00e0e_5S07GVdoEat_0jm0ew_600x450.jpg"", ""https://images.craigslist.org/01717_fdo67kp3u4j_0jm0ew_600x450.jpg"", ""https://images.craigslist.org/00000_3JCj93T8ID3_0jm0d2_600x450.jpg"", ""https://images.craigslist.org/00U0U_kQAG2idJMas_0jm0dE_600x450.jpg"", ""https://images.craigslist.org/00r0r_6VDpS5uGSgP_0jm0ca_600x450.jpg"", ""https://images.craigslist.org/00E0E_ks5bmUchTiR_0jm0dO_600x450.jpg"", ""https://map9.craigslist.org/t09/14/2668/6281.png"", ""https://map0.craigslist.org/t09/14/2669/6281.png"", ""https://map0.craigslist.org/t09/14/2668/6282.png"", ""https://map1.craigslist.org/t09/14/2669/6282.png"", ""https://www.craigslist.org/images/map/marker-shadow.png"", ""https://www.craigslist.org/images/map/marker-icon.png""]","[""(916) 915-9743""]","2011 Ford Fiesta for sale - Sacramento, CA - craigslist =============== [CL](https://sacramento.craigslist.org/) * [sacramento](https://sacramento.craigslist.org/)> * [for sale by dealer](https://sacramento.craigslist.org/search/ssq)> * [cars+trucks](https://sacramento.craigslist.org/search/ctd) * [post](https://post.craigslist.org/c/sac) * [account](https://accounts.craigslist.org/login/home) * [0 favorites](https://sacramento.craigslist.org/ctd/d/sacramento-2011-ford-fiesta/7918052501.html#) *",2026-02-28T02:18:05.377410+00:00,2026-02-28T02:18:05.507414+00:00
craigslist-7917787721,craigslist,7917787721,https://sfbay.craigslist.org/sfc/ctd/d/san-francisco-2014-ford-fiesta/7917787721.html,dealer,,,"2014 Ford Fiesta for sale - San Francisco, CA",2014,Ford,Fiesta,,6399,83985,3FADP4AJ1EM113736,used,excellent,manual,gas,fwd,sedan,silver,4 cylinders,clean,,San Francisco,37.774929,-122.419415,"[""https://images.craigslist.org/00E0E_d6sWMM8zjFz_0ak07K_600x450.jpg"", ""https://images.craigslist.org/01010_gtIIbXJ9BTF_0ak07K_600x450.jpg"", ""https://images.craigslist.org/00B0B_1FkdTr9Fbuk_0ak07K_600x450.jpg"", ""https://images.craigslist.org/00606_4AIs1Cj9r9_0ak07K_600x450.jpg"", ""https://images.craigslist.org/00B0B_iigNv3W6jqb_0ak07K_600x450.jpg"", ""https://images.craigslist.org/00808_h21OZaSz4VH_0ak07K_600x450.jpg"", ""https://images.craigslist.org/00s0s_jKFoypib4C_0ak07K_600x450.jpg"", ""https://images.craigslist.org/00K0K_aNCZmqIXsjN_0ak07K_600x450.jpg"", ""https://images.craigslist.org/00707_8t8t6i5d9IN_0ak07K_600x450.jpg"", ""https://images.craigslist.org/00v0v_afD02tMjJay_0ak07K_600x450.jpg"", ""https://images.craigslist.org/01111_88GwefpDiKc_0ak07K_600x450.jpg"", ""https://images.craigslist.org/00i0i_iaiWPpGHefp_0ak07K_600x450.jpg"", ""https://images.craigslist.org/00w0w_6tmqoB1dkIo_0ak07K_600x450.jpg"", ""https://images.craigslist.org/00303_7vAVk5xg2fB_0ak07K_600x450.jpg"", ""https://images.craigslist.org/00m0m_buQxOpvaNCh_0ak07K_600x450.jpg"", ""https://images.craigslist.org/01111_jkZqrmgZsoC_0ak07K_600x450.jpg"", ""https://images.craigslist.org/00l0l_djoreiXUZxf_0ak07K_600x450.jpg"", ""https://images.craigslist.org/00Q0Q_kH54tTkVVOA_0ak07K_600x450.jpg"", ""https://images.craigslist.org/00w0w_j1XZUrSHHQa_0ak07K_600x450.jpg"", ""https://images.craigslist.org/00D0D_gOnKexVs7p8_0ak07K_600x450.jpg"", ""https://images.craigslist.org/00P0P_d7jzvHR7LaM_0ak07K_600x450.jpg"", ""https://images.craigslist.org/00i0i_jXCrj3etqnu_05P07K_600x450.jpg"", ""https://map2.craigslist.org/t09/14/2620/6332.png"", ""https://map3.craigslist.org/t09/14/2620/6333.png"", ""https://map1.craigslist.org/t09/14/2619/6332.png"", ""https://map3.craigslist.org/t09/14/2621/6332.png"", ""https://map2.craigslist.org/t09/14/2619/6333.png"", ""https://map4.craigslist.org/t09/14/2621/6333.png"", ""https://www.craigslist.org/images/map/marker-shadow.png"", ""https://www.craigslist.org/images/map/marker-icon.png""]","[""(669) 342-0404""]","2014 Ford Fiesta for sale - San Francisco, CA - craigslist =============== [CL](https://sfbay.craigslist.org/) * [SF bay area](https://sfbay.craigslist.org/)> * [san francisco](https://sfbay.craigslist.org/sfc/)> * [for sale by dealer](https://sfbay.craigslist.org/search/sfc/ssq)> * [cars+trucks](https://sfbay.craigslist.org/search/sfc/ctd) * [post](https://post.craigslist.org/c/sfo) * [account](https://accounts.craigslist.org/login/home) * [0 favorites](https://sfbay.craigslist.org/sfc/ctd/d/sa",2026-02-28T02:18:05.377526+00:00,2026-02-28T02:18:05.511279+00:00
craigslist-7915401624,craigslist,7915401624,https://stockton.craigslist.org/ctd/d/stockton-2012-ford-fiesta/7915401624.html,dealer,,,"2012 Ford Fiesta S for sale - Stockton, CA",2012,Ford,Fiesta,,4399,117201,3FADP4AJ0CM105771,used,excellent,manual,gas,fwd,sedan,gray,4 cylinders,clean,,Stockton,,,"[""https://images.craigslist.org/01414_9StIESL78Rd_0t20CI_600x450.jpg"", ""https://images.craigslist.org/00d0d_SEixMcCr8W_0t20CI_600x450.jpg"", ""https://images.craigslist.org/00N0N_hIE4lNzA8PT_0t20CI_600x450.jpg"", ""https://images.craigslist.org/01717_64Y9c3dqFZy_0t20CI_600x450.jpg"", ""https://images.craigslist.org/00H0H_aMKoyCZ2kM3_0t20CI_600x450.jpg"", ""https://images.craigslist.org/00s0s_k487sdeyBtZ_0t20CI_600x450.jpg"", ""https://images.craigslist.org/00A0A_3B7Epwaa3P5_0t20CI_600x450.jpg"", ""https://images.craigslist.org/00n0n_iE8IiTujOOK_0t20CI_600x450.jpg"", ""https://images.craigslist.org/00c0c_1XEDtHSje38_0t20CI_600x450.jpg"", ""https://map0.craigslist.org/t09/13/1336/3164.png"", ""https://map1.craigslist.org/t09/13/1337/3164.png"", ""https://map1.craigslist.org/t09/13/1336/3165.png"", ""https://map2.craigslist.org/t09/13/1337/3165.png""]",[],"2012 Ford Fiesta S for sale - Stockton, CA - craigslist =============== [CL](https://stockton.craigslist.org/) * [stockton](https://stockton.craigslist.org/)> * [for sale by dealer](https://stockton.craigslist.org/search/ssq)> * [cars+trucks](https://stockton.craigslist.org/search/ctd) * [post](https://post.craigslist.org/c/stk) * [account](https://accounts.craigslist.org/login/home) * [0 favorites](https://stockton.craigslist.org/ctd/d/stockton-2012-ford-fiesta/7915401624.html#) * [0 hidden](ht",2026-02-28T02:18:05.377784+00:00,2026-02-28T02:18:05.512838+00:00
craigslist-7918052204,craigslist,7918052204,https://sacramento.craigslist.org/ctd/d/sacramento-2015-ford-fiesta/7918052204.html,dealer,,,This Ford Fiesta can be yours today!,2015,Ford,Fiesta,,5500,121799,3FADP4EJ2FM164206,,,automatic,gas,fwd,other,silver,4 cylinders,clean,,Sacramento,38.6505,-121.358,"[""https://images.craigslist.org/01313_5zWWcoi6ish_0jm0cz_600x450.jpg"", ""https://images.craigslist.org/00q0q_9lHsi9NKsuu_0jm0cz_600x450.jpg"", ""https://images.craigslist.org/00k0k_hYd3r7KX8Ya_0ix0ew_600x450.jpg"", ""https://images.craigslist.org/00a0a_kMJelwAvyKm_0hE0ew_600x450.jpg"", ""https://images.craigslist.org/00O0O_lzcMFCDQojB_0jm0cV_600x450.jpg"", ""https://images.craigslist.org/00F0F_fv0t4RdrcC_0jm0bd_600x450.jpg"", ""https://images.craigslist.org/00h0h_26KCYZZLu2w_0jm0bx_600x450.jpg"", ""https://images.craigslist.org/00j0j_4ptF4sNC4O3_0jm0dQ_600x450.jpg"", ""https://images.craigslist.org/00v0v_7SYLE23Pl3M_0hO0ew_600x450.jpg"", ""https://images.craigslist.org/00505_eTXRESO2oMV_0jm0eg_600x450.jpg"", ""https://images.craigslist.org/00o0o_71NPSKNDelD_0jm0da_600x450.jpg"", ""https://images.craigslist.org/00k0k_9b9BwvF9jW9_0jm0ew_600x450.jpg"", ""https://images.craigslist.org/00S0S_2bSI7C8nlto_0jm0ew_600x450.jpg"", ""https://images.craigslist.org/01616_543ntxJla8J_0jm0ew_600x450.jpg"", ""https://images.craigslist.org/00G0G_hSpChztwEH4_0jm0ew_600x450.jpg"", ""https://images.craigslist.org/01616_2x1nM4ihTTb_0jm0ew_600x450.jpg"", ""https://images.craigslist.org/00i0i_emzASLVmOAi_0jm0ew_600x450.jpg"", ""https://images.craigslist.org/00101_8wVLviJ5rh5_0jm0ew_600x450.jpg"", ""https://images.craigslist.org/00D0D_LDKmlBSUZw_0hZ0ew_600x450.jpg"", ""https://images.craigslist.org/00c0c_5FipInckzjM_0j00ew_600x450.jpg"", ""https://images.craigslist.org/00505_kCwgnYJ7O9N_0jm0dP_600x450.jpg"", ""https://images.craigslist.org/00P0P_l70wzGvreu0_0jm0e8_600x450.jpg"", ""https://images.craigslist.org/00z0z_lFRFYmdF7Cv_0jm0ew_600x450.jpg"", ""https://images.craigslist.org/00G0G_fc4WXF8UTzs_0iH0ew_600x450.jpg"", ""https://map9.craigslist.org/t09/14/2668/6281.png"", ""https://map0.craigslist.org/t09/14/2669/6281.png"", ""https://map0.craigslist.org/t09/14/2668/6282.png"", ""https://map1.craigslist.org/t09/14/2669/6282.png"", ""https://www.craigslist.org/images/map/marker-shadow.png"", ""https://www.craigslist.org/images/map/marker-icon.png""]","[""(916) 915-9743""]","2015 Ford Fiesta for sale - Sacramento, CA - craigslist =============== [CL](https://sacramento.craigslist.org/) * [sacramento](https://sacramento.craigslist.org/)> * [for sale by dealer](https://sacramento.craigslist.org/search/ssq)> * [cars+trucks](https://sacramento.craigslist.org/search/ctd) * [post](https://post.craigslist.org/c/sac) * [account](https://accounts.craigslist.org/login/home) * [0 favorites](https://sacramento.craigslist.org/ctd/d/sacramento-2015-ford-fiesta/7918052204.html#) *",2026-02-28T02:18:05.377886+00:00,2026-02-28T02:18:05.515123+00:00
craigslist-7916827584,craigslist,7916827584,https://sfbay.craigslist.org/eby/cto/d/walnut-creek-2018-ford-fiesta-se/7916827584.html,owner,,,"2018 ford fiesta se for sale by owner - Walnut Creek, CA",2018,Ford,Fiesta,SE,6499,40000,,used,excellent,automatic,gas,fwd,hatchback,red,4 cylinders,salvage,,Walnut Creek,37.936523,-122.054173,"[""https://images.craigslist.org/00p0p_imSyJYcb3k3_0gw0co_600x450.jpg"", ""https://images.craigslist.org/00404_gctIcoGFGOU_0gw0co_600x450.jpg"", ""https://images.craigslist.org/01212_kOhb6fwEMaW_0CI0t2_600x450.jpg"", ""https://images.craigslist.org/00101_k4rq91p3Nmh_0lM0t2_600x450.jpg"", ""https://images.craigslist.org/00D0D_4QLJDhLtjAc_0gw0co_600x450.jpg"", ""https://images.craigslist.org/00h0h_l4iEI3Df9DS_0CI0t2_600x450.jpg"", ""https://images.craigslist.org/00v0v_guk4buR4Rhj_0CI0t2_600x450.jpg"", ""https://images.craigslist.org/00z0z_2avQpMjhDDK_0CI0t2_600x450.jpg"", ""https://images.craigslist.org/00U0U_h9toRwTwZ8W_0CI0t2_600x450.jpg"", ""https://map9.craigslist.org/t09/14/2636/6323.png"", ""https://map0.craigslist.org/t09/14/2637/6323.png"", ""https://map8.craigslist.org/t09/14/2636/6322.png"", ""https://map9.craigslist.org/t09/14/2637/6322.png"", ""https://map0.craigslist.org/t09/14/2636/6324.png"", ""https://map1.craigslist.org/t09/14/2637/6324.png"", ""https://www.craigslist.org/images/map/marker-shadow.png"", ""https://www.craigslist.org/images/map/marker-icon.png""]",[],"2018 ford fiesta se for sale by owner - Walnut Creek, CA - craigslist =============== [CL](https://sfbay.craigslist.org/) * [SF bay area](https://sfbay.craigslist.org/)> * [east bay](https://sfbay.craigslist.org/eby/)> * [for sale by owner](https://sfbay.craigslist.org/search/eby/sso)> * [cars+trucks](https://sfbay.craigslist.org/search/eby/cto) * [post](https://post.craigslist.org/c/sfo) * [account](https://accounts.craigslist.org/login/home) * [0 favorites](https://sfbay.craigslist.org/eby/cto",2026-02-28T02:18:05.377988+00:00,2026-02-28T02:18:05.516863+00:00
craigslist-7913409838,craigslist,7913409838,https://stockton.craigslist.org/cto/d/stockton-ford-fiesta-2012-se/7913409838.html,owner,,,"2012 ford fiesta se for sale by owner - Stockton, CA",2012,Ford,Fiesta,SE,4900,79400,,used,salvage,automatic,gas,,hatchback,red,4 cylinders,salvage,,Stockton,,,"[""https://images.craigslist.org/00808_6OGbAlTAWux_0t20CI_600x450.jpg"", ""https://images.craigslist.org/00b0b_i8ObK2FihRH_0t20CI_600x450.jpg"", ""https://images.craigslist.org/00U0U_1XsVEvhnPfd_0t20CI_600x450.jpg"", ""https://images.craigslist.org/00101_kWuyUMWkymA_0t20CI_600x450.jpg"", ""https://images.craigslist.org/01010_kDeAyRf7F2J_0t20CI_600x450.jpg"", ""https://images.craigslist.org/00909_jnhDUGN8OME_0t20CI_600x450.jpg"", ""https://images.craigslist.org/00a0a_lIdVD5A7lHY_0t20CI_600x450.jpg"", ""https://images.craigslist.org/01212_lmwdeWMvqE9_0t20CI_600x450.jpg"", ""https://images.craigslist.org/00e0e_cJyV6tyfKHO_0t20CI_600x450.jpg"", ""https://images.craigslist.org/00101_lWrzwAdFA3a_0t20CI_600x450.jpg"", ""https://images.craigslist.org/00c0c_3HbO7W0EIuY_0t20CI_600x450.jpg"", ""https://images.craigslist.org/00q0q_6xUHNi5jq1V_0t20CI_600x450.jpg"", ""https://images.craigslist.org/00j0j_1DhuVMWQKlT_0t20CI_600x450.jpg"", ""https://images.craigslist.org/00y0y_7EW4o5ZNwZn_0t20CI_600x450.jpg"", ""https://images.craigslist.org/00707_9IuD2pnrT2t_0t20CI_600x450.jpg"", ""https://images.craigslist.org/00R0R_4VAEeeMZp3Q_0t20CI_600x450.jpg"", ""https://images.craigslist.org/01010_iYcHkVdcQcx_0t20CI_600x450.jpg"", ""https://images.craigslist.org/00s0s_7Qd8DuIF1nr_0t20CI_600x450.jpg"", ""https://images.craigslist.org/00707_gzX9p5yhxkN_0t20CI_600x450.jpg"", ""https://map5.craigslist.org/t09/13/1335/3160.png"", ""https://map6.craigslist.org/t09/13/1335/3161.png"", ""https://map4.craigslist.org/t09/13/1334/3160.png"", ""https://map6.craigslist.org/t09/13/1336/3160.png"", ""https://map5.craigslist.org/t09/13/1334/3161.png"", ""https://map7.craigslist.org/t09/13/1336/3161.png""]",[],"2012 ford fiesta se for sale by owner - Stockton, CA - craigslist =============== [CL](https://stockton.craigslist.org/) * [stockton](https://stockton.craigslist.org/)> * [for sale by owner](https://stockton.craigslist.org/search/sso)> * [cars+trucks](https://stockton.craigslist.org/search/cto) * [post](https://post.craigslist.org/c/stk) * [account](https://accounts.craigslist.org/login/home) * [0 favorites](https://stockton.craigslist.org/cto/d/stockton-ford-fiesta-2012-se/7913409838.html#) * [",2026-02-28T02:18:05.378078+00:00,2026-02-28T02:18:05.518951+00:00
craigslist-7917509997,craigslist,7917509997,https://sacramento.craigslist.org/ctd/d/antelope-2012-ford-fiesta-se-hatchback/7917509997.html,dealer,,,"2012 Ford Fiesta SE Hatchback 4D for sale - Antelope, CA",2012,Ford,Fiesta,SE,3000,195363,3FADP4EJ9CM154199,,,manual,gas,fwd,hatchback,black,4 cylinders,clean,,Antelope,38.72706,-121.32213,"[""https://images.craigslist.org/01212_dR82GOQ8TsP_0jm0ew_600x450.jpg"", ""https://images.craigslist.org/00f0f_3qz4kuNBrvW_0b00ew_600x450.jpg"", ""https://images.craigslist.org/00202_6tf5ftiNJxC_0jm0ew_600x450.jpg"", ""https://images.craigslist.org/00F0F_bQr24KQJMYw_0jm0ew_600x450.jpg"", ""https://images.craigslist.org/00t0t_3rzEN4eAQON_0b00ew_600x450.jpg"", ""https://images.craigslist.org/00d0d_cyAcVb9i05Y_0jm0ew_600x450.jpg"", ""https://images.craigslist.org/00l0l_8YKxkrMugQw_0jm0ew_600x450.jpg"", ""https://images.craigslist.org/00W0W_8CNWlKMgfCd_0b00ew_600x450.jpg"", ""https://images.craigslist.org/00Z0Z_ebn9zkPV8mj_0b00ew_600x450.jpg"", ""https://images.craigslist.org/00y0y_dR61aFVDUQD_0jm0ew_600x450.jpg"", ""https://map7.craigslist.org/t09/14/2670/6277.png"", ""https://map6.craigslist.org/t09/14/2670/6276.png"", ""https://map6.craigslist.org/t09/14/2669/6277.png"", ""https://map8.craigslist.org/t09/14/2671/6277.png"", ""https://map8.craigslist.org/t09/14/2670/6278.png"", ""https://map5.craigslist.org/t09/14/2669/6276.png"", ""https://map7.craigslist.org/t09/14/2671/6276.png"", ""https://map7.craigslist.org/t09/14/2669/6278.png"", ""https://map9.craigslist.org/t09/14/2671/6278.png"", ""https://www.craigslist.org/images/map/marker-shadow.png"", ""https://www.craigslist.org/images/map/marker-icon.png""]","[""(916) 432-2449""]","2012 Ford Fiesta SE Hatchback 4D for sale - Antelope, CA - craigslist =============== [CL](https://sacramento.craigslist.org/) * [sacramento](https://sacramento.craigslist.org/)> * [for sale by dealer](https://sacramento.craigslist.org/search/ssq)> * [cars+trucks](https://sacramento.craigslist.org/search/ctd) * [post](https://post.craigslist.org/c/sac) * [account](https://accounts.craigslist.org/login/home) * [0 favorites](https://sacramento.craigslist.org/ctd/d/antelope-2012-ford-fiesta-se-hatc",2026-02-28T02:18:05.378157+00:00,2026-02-28T02:18:05.520968+00:00
craigslist-7916755196,craigslist,7916755196,https://sfbay.craigslist.org/sby/cto/d/santa-clara-2015-ford-fiesta/7916755196.html,owner,,,"2015 ford fiesta se hatchback for sale by owner - Santa Clara, CA",2015,Ford,Fiesta,SE,5000,70000,,used,good,automatic,gas,fwd,hatchback,silver,,clean,,Santa Clara,,,"[""https://images.craigslist.org/00707_eq0SXawmrIT_0t20CI_600x450.jpg"", ""https://images.craigslist.org/00O0O_5yY9TGgktkt_0t20CI_600x450.jpg"", ""https://images.craigslist.org/00E0E_5yvu9QdYoCH_0t20CI_600x450.jpg"", ""https://images.craigslist.org/00O0O_e2j8ad8AkfD_0t20CI_600x450.jpg"", ""https://images.craigslist.org/00C0C_9D6Faldfwb3_0t20CI_600x450.jpg"", ""https://map8.craigslist.org/t09/13/1320/3178.png"", ""https://map9.craigslist.org/t09/13/1321/3178.png"", ""https://map9.craigslist.org/t09/13/1320/3179.png"", ""https://map0.craigslist.org/t09/13/1321/3179.png""]",[],"2015 ford fiesta se hatchback for sale by owner - Santa Clara, CA - craigslist =============== [CL](https://sfbay.craigslist.org/) * [SF bay area](https://sfbay.craigslist.org/)> * [south bay](https://sfbay.craigslist.org/sby/)> * [for sale by owner](https://sfbay.craigslist.org/search/sby/sso)> * [cars+trucks](https://sfbay.craigslist.org/search/sby/cto) * [post](https://post.craigslist.org/c/sfo) * [account](https://accounts.craigslist.org/login/home) * [0 favorites](https://sfbay.craigslist.o",2026-02-28T02:18:05.378288+00:00,2026-02-28T02:18:05.522184+00:00
craigslist-7917368393,craigslist,7917368393,https://sacramento.craigslist.org/ctd/d/west-sacramento-2019-ford-fiesta-clean/7917368393.html,dealer,,,This Ford Fiesta can be yours today!,2019,Ford,Fiesta,,6491,147902,3FADP4AJ5KM109703,,,automatic,gas,fwd,sedan,white,4 cylinders,clean,,West Sacramento,38.5734,-121.523,"[""https://images.craigslist.org/01414_hOzWjtChuXT_0jm0ew_600x450.jpg"", ""https://images.craigslist.org/00F0F_3stfWIXcVa6_0jm0ew_600x450.jpg"", ""https://images.craigslist.org/01313_fCG6QvTJ99q_0jm0ew_600x450.jpg"", ""https://images.craigslist.org/00e0e_2qEqyEhzSGm_0jm0ew_600x450.jpg"", ""https://images.craigslist.org/00A0A_ljngfR025zU_0jm0ew_600x450.jpg"", ""https://images.craigslist.org/01616_2ZYe2bWApBC_0jm0ew_600x450.jpg"", ""https://images.craigslist.org/00E0E_eusaI0zr00_0jm0ew_600x450.jpg"", ""https://images.craigslist.org/01212_hrWScFBPIF1_0jm0ew_600x450.jpg"", ""https://images.craigslist.org/00C0C_i1kIUfdm9sc_0jm0ew_600x450.jpg"", ""https://images.craigslist.org/00A0A_lVq74iS59ic_0jm0ew_600x450.jpg"", ""https://images.craigslist.org/00l0l_dZdF9SlOSV6_0jm0ew_600x450.jpg"", ""https://images.craigslist.org/00909_1HXuwaXhjo5_0jm0ew_600x450.jpg"", ""https://images.craigslist.org/00h0h_bcMr7MVWf8R_0jm0ew_600x450.jpg"", ""https://images.craigslist.org/00606_2FCEX2d7ZUJ_0jm0ew_600x450.jpg"", ""https://images.craigslist.org/00i0i_g70S0CqCc7Y_0jm0ew_600x450.jpg"", ""https://images.craigslist.org/00i0i_2lNpigZVhux_0jm0ew_600x450.jpg"", ""https://map6.craigslist.org/t09/14/2660/6286.png"", ""https://map7.craigslist.org/t09/14/2661/6286.png"", ""https://map5.craigslist.org/t09/14/2660/6285.png"", ""https://map6.craigslist.org/t09/14/2661/6285.png"", ""https://map7.craigslist.org/t09/14/2660/6287.png"", ""https://map8.craigslist.org/t09/14/2661/6287.png"", ""https://www.craigslist.org/images/map/marker-shadow.png"", ""https://www.craigslist.org/images/map/marker-icon.png""]","[""(916) 596-8160"", ""916-873-8093""]","2019 Ford Fiesta for sale - West Sacramento, CA - craigslist =============== [CL](https://sacramento.craigslist.org/) * [sacramento](https://sacramento.craigslist.org/)> * [for sale by dealer](https://sacramento.craigslist.org/search/ssq)> * [cars+trucks](https://sacramento.craigslist.org/search/ctd) * [post](https://post.craigslist.org/c/sac) * [account](https://accounts.craigslist.org/login/home) * [0 favorites](https://sacramento.craigslist.org/ctd/d/west-sacramento-2019-ford-fiesta-clean/791",2026-02-28T02:18:05.378340+00:00,2026-02-28T02:18:05.524622+00:00
craigslist-7916526312,craigslist,7916526312,https://sfbay.craigslist.org/eby/ctd/d/dublin-2013-ford-fiesta/7916526312.html,dealer,,,See this vehicle on our website,2013,,,,3900,144412,3FADP4AJ0DM153367,,,automatic,gas,fwd,sedan,black,4 cylinders,clean,,Dublin,37.702759,-121.909049,"[""https://images.craigslist.org/00h0h_htgYFdtAyUK_0cU09G_600x450.jpg"", ""https://images.craigslist.org/00F0F_kZm12Fwv9jm_0cU09G_600x450.jpg"", ""https://images.craigslist.org/00k0k_iiaRUQa9eAA_0cU09G_600x450.jpg"", ""https://images.craigslist.org/00p0p_eXhCfBtdHH9_0cU09G_600x450.jpg"", ""https://images.craigslist.org/00J0J_7FLRazIrdr6_0cU09G_600x450.jpg"", ""https://images.craigslist.org/00X0X_cL0a0tGvEQB_0cU09G_600x450.jpg"", ""https://images.craigslist.org/00505_6XcDx30InWt_0cU09G_600x450.jpg"", ""https://images.craigslist.org/00i0i_6NRZewUonk0_0cU09G_600x450.jpg"", ""https://images.craigslist.org/00S0S_lzV5wBrx3Xq_0cU09G_600x450.jpg"", ""https://images.craigslist.org/00i0i_alwsivacq3A_0cU09G_600x450.jpg"", ""https://images.craigslist.org/01111_4LmjDKq1MV2_0cU09G_600x450.jpg"", ""https://images.craigslist.org/01414_kZSAsnN8gHm_0cU09G_600x450.jpg"", ""https://images.craigslist.org/00P0P_k6r7Zqapfzg_0cU09G_600x450.jpg"", ""https://images.craigslist.org/00b0b_gJibYjNP8PR_0cU09G_600x450.jpg"", ""https://images.craigslist.org/00O0O_jj6EvPoyaTI_0cU09G_600x450.jpg"", ""https://images.craigslist.org/00101_lHqNwfCsS6l_0cU09G_600x450.jpg"", ""https://images.craigslist.org/00y0y_hN2qnzqMYiL_0cU09G_600x450.jpg"", ""https://images.craigslist.org/00a0a_kKDcfcMn9Q9_0cU09G_600x450.jpg"", ""https://images.craigslist.org/00E0E_6PS6MfrjCDK_0cU09G_600x450.jpg"", ""https://images.craigslist.org/00W0W_qD6fUS5HA6_0cU09G_600x450.jpg"", ""https://images.craigslist.org/00o0o_ifu52KXWrTD_0cU09G_600x450.jpg"", ""https://images.craigslist.org/00X0X_jXPkdXrAPcU_0cU09G_600x450.jpg"", ""https://images.craigslist.org/00q0q_9Ny7cHdTtq8_0cU09G_600x450.jpg"", ""https://images.craigslist.org/00B0B_dRXuaW7jtJH_0cU09G_600x450.jpg"", ""https://map9.craigslist.org/t09/14/2643/6336.png"", ""https://map0.craigslist.org/t09/14/2644/6336.png"", ""https://map0.craigslist.org/t09/14/2643/6337.png"", ""https://map1.craigslist.org/t09/14/2644/6337.png"", ""https://www.craigslist.org/images/map/marker-shadow.png"", ""https://www.craigslist.org/images/map/marker-icon.png""]","[""(925) 551-4444"", ""925-551-4444"", ""(916) 420-5140""]","2013 Ford Fiesta S for sale - Dublin, CA - craigslist =============== [CL](https://sfbay.craigslist.org/) * [SF bay area](https://sfbay.craigslist.org/)> * [east bay](https://sfbay.craigslist.org/eby/)> * [for sale by dealer](https://sfbay.craigslist.org/search/eby/ssq)> * [cars+trucks](https://sfbay.craigslist.org/search/eby/ctd) * [post](https://post.craigslist.org/c/sfo) * [account](https://accounts.craigslist.org/login/home) * [0 favorites](https://sfbay.craigslist.org/eby/ctd/d/dublin-2013-",2026-02-28T02:18:05.378457+00:00,2026-02-28T02:18:05.527024+00:00
craigslist-7917362703,craigslist,7917362703,https://sacramento.craigslist.org/ctd/d/fair-oaks-2011-ford-fiesta-se-4dr-sedan/7917362703.html,dealer,,,Contact Prestige Motorsport,2011,,,,6495,74675,3FADP4BJ9BM157123,used,good,automatic,gas,fwd,sedan,custom,4 cylinders,clean,,Fair Oaks,38.627871,-121.221364,"[""https://images.craigslist.org/00K0K_kqfFkv9u79t_0g80c6_600x450.jpg"", ""https://images.craigslist.org/00b0b_6ePymj59AyT_0g80c6_600x450.jpg"", ""https://images.craigslist.org/00O0O_6pe2LmMjiw9_0g80c6_600x450.jpg"", ""https://images.craigslist.org/00000_3jmu3HJv5xv_0g80c6_600x450.jpg"", ""https://images.craigslist.org/00V0V_jSKGuvVoUzv_0g80c6_600x450.jpg"", ""https://images.craigslist.org/00X0X_9fljVuYMfWX_0g80c6_600x450.jpg"", ""https://images.craigslist.org/00v0v_2Ata04QnsDN_0g80c6_600x450.jpg"", ""https://images.craigslist.org/00R0R_422S295ApCD_0g80c6_600x450.jpg"", ""https://images.craigslist.org/01616_17nQFCCHtan_0g80c6_600x450.jpg"", ""https://images.craigslist.org/00303_crcrAm4SedJ_0g80c6_600x450.jpg"", ""https://images.craigslist.org/00P0P_kOqIl1qAKvA_0g80c6_600x450.jpg"", ""https://images.craigslist.org/00202_aTUuZWz5SYo_0g80c6_600x450.jpg"", ""https://images.craigslist.org/01111_iJiZJLBvVM9_0g80c6_600x450.jpg"", ""https://images.craigslist.org/00t0t_qZSXvxcJJk_0g80c6_600x450.jpg"", ""https://images.craigslist.org/00u0u_ilMsJR3vm39_0g80c6_600x450.jpg"", ""https://images.craigslist.org/00n0n_ebKJOUmjjIK_0g80c6_600x450.jpg"", ""https://images.craigslist.org/00i0i_jQb8ZgtH6YX_0g80c6_600x450.jpg"", ""https://images.craigslist.org/01313_1K8zf87e7vF_0g80c6_600x450.jpg"", ""https://images.craigslist.org/00g0g_kJd4pEIPZ3Q_0g80c6_600x450.jpg"", ""https://images.craigslist.org/00G0G_jnbwmmwCh7C_0g80c6_600x450.jpg"", ""https://images.craigslist.org/00K0K_3rnbce9Diin_0g80c6_600x450.jpg"", ""https://images.craigslist.org/00s0s_lKroVgaEIbD_0g80c6_600x450.jpg"", ""https://images.craigslist.org/00a0a_kUdBlczGSzp_0g80c6_600x450.jpg"", ""https://images.craigslist.org/00H0H_keeVthubNto_0g80c6_600x450.jpg"", ""https://map6.craigslist.org/t09/14/2674/6282.png"", ""https://map7.craigslist.org/t09/14/2675/6282.png"", ""https://map7.craigslist.org/t09/14/2674/6283.png"", ""https://map8.craigslist.org/t09/14/2675/6283.png"", ""https://www.craigslist.org/images/map/marker-shadow.png"", ""https://www.craigslist.org/images/map/marker-icon.png""]","[""(916) 400-4485""]","2011 Ford Fiesta for sale - Fair Oaks, CA - craigslist =============== [CL](https://sacramento.craigslist.org/) * [sacramento](https://sacramento.craigslist.org/)> * [for sale by dealer](https://sacramento.craigslist.org/search/ssq)> * [cars+trucks](https://sacramento.craigslist.org/search/ctd) * [post](https://post.craigslist.org/c/sac) * [account](https://accounts.craigslist.org/login/home) * [0 favorites](https://sacramento.craigslist.org/ctd/d/fair-oaks-2011-ford-fiesta-se-4dr-sedan/79173627",2026-02-28T02:18:05.378557+00:00,2026-02-28T02:18:05.529441+00:00
craigslist-7916484558,craigslist,7916484558,https://sfbay.craigslist.org/sby/ctd/d/san-jose-2015-ford-fiesta-se-4dr/7916484558.html,dealer,,,"2015 Ford Fiesta SE for sale - San Jose, CA",2015,Ford,Fiesta,SE,5400,106000,3FADP4EJ4FM136147,used,excellent,automatic,gas,fwd,hatchback,silver,4 cylinders,clean,,San Jose,37.322624,-121.943381,"[""https://images.craigslist.org/00Q0Q_b0rWUnFaEiJ_0CI0nV_600x450.jpg"", ""https://images.craigslist.org/00707_7TlZt3YRBoB_0vW0t2_600x450.jpg"", ""https://images.craigslist.org/00n0n_6CDMXLO3FBj_0wi0t2_600x450.jpg"", ""https://images.craigslist.org/00X0X_3vt30zwqbPD_0CI0pY_600x450.jpg"", ""https://images.craigslist.org/00P0P_fkaYjbL9qEn_0CI0rs_600x450.jpg"", ""https://images.craigslist.org/00u0u_eeSJZTslEZc_0AW0t2_600x450.jpg"", ""https://images.craigslist.org/00q0q_3I8cpmDsx5w_0CI0qE_600x450.jpg"", ""https://images.craigslist.org/00c0c_eteqMwxutzI_0CI0t2_600x450.jpg"", ""https://images.craigslist.org/00x0x_eDu1WpiMZrZ_0lM0t2_600x450.jpg"", ""https://images.craigslist.org/00Y0Y_5iSFrFHHvvH_0CI0t2_600x450.jpg"", ""https://images.craigslist.org/00h0h_5arZiNW9nHp_0lM0t2_600x450.jpg"", ""https://images.craigslist.org/00K0K_8cdt1t9GYLU_0CI0t2_600x450.jpg"", ""https://images.craigslist.org/00s0s_auUemuCjYML_0f90t2_600x450.jpg"", ""https://map9.craigslist.org/t09/14/2641/6358.png"", ""https://map0.craigslist.org/t09/14/2642/6358.png"", ""https://map0.craigslist.org/t09/14/2641/6359.png"", ""https://map1.craigslist.org/t09/14/2642/6359.png"", ""https://www.craigslist.org/images/map/marker-shadow.png"", ""https://www.craigslist.org/images/map/marker-icon.png""]","[""650-520-6091""]","2015 Ford Fiesta SE for sale - San Jose, CA - craigslist =============== [CL](https://sfbay.craigslist.org/) * [SF bay area](https://sfbay.craigslist.org/)> * [south bay](https://sfbay.craigslist.org/sby/)> * [for sale by dealer](https://sfbay.craigslist.org/search/sby/ssq)> * [cars+trucks](https://sfbay.craigslist.org/search/sby/ctd) * [post](https://post.craigslist.org/c/sfo) * [account](https://accounts.craigslist.org/login/home) * [0 favorites](https://sfbay.craigslist.org/sby/ctd/d/san-jose",2026-02-28T02:18:05.379255+00:00,2026-02-28T02:18:05.531343+00:00
craigslist-7917360486,craigslist,7917360486,https://sacramento.craigslist.org/ctd/d/fair-oaks-2013-ford-fiesta-se-4dr-sedan/7917360486.html,dealer,,,Contact Prestige Motorsport,2013,,,,5495,93945,3FADP4BJ5DM227493,used,good,manual,gas,fwd,sedan,custom,4 cylinders,clean,,Fair Oaks,38.627871,-121.221364,"[""https://images.craigslist.org/01111_jMwuTBU6241_0g80c6_600x450.jpg"", ""https://images.craigslist.org/01010_dIuOZ9JR7Cr_0g80c6_600x450.jpg"", ""https://images.craigslist.org/00g0g_fGvog0WRTq4_0g80c6_600x450.jpg"", ""https://images.craigslist.org/00202_h8FohtttF0V_0g80c6_600x450.jpg"", ""https://images.craigslist.org/00K0K_yKJheFSJeM_0g80c6_600x450.jpg"", ""https://images.craigslist.org/00u0u_dfrqFltFtKv_0g80c6_600x450.jpg"", ""https://images.craigslist.org/00606_iekFwRStaOr_0g80c6_600x450.jpg"", ""https://images.craigslist.org/00v0v_8ne2H9Foo1E_0g80c6_600x450.jpg"", ""https://images.craigslist.org/00m0m_3zzmIwu7pB2_0g80c6_600x450.jpg"", ""https://images.craigslist.org/00H0H_e1TbK5HWR7T_0g80c6_600x450.jpg"", ""https://images.craigslist.org/00707_awRWmQfQGvU_0g80c6_600x450.jpg"", ""https://images.craigslist.org/00d0d_8qMZD2KrNtX_0g80c6_600x450.jpg"", ""https://images.craigslist.org/01414_inLvasLcAxe_0g80c6_600x450.jpg"", ""https://images.craigslist.org/00L0L_e1X0ggbqrt1_0g80c6_600x450.jpg"", ""https://images.craigslist.org/00m0m_lhi2HCVO0yT_0g80c6_600x450.jpg"", ""https://images.craigslist.org/00d0d_celdAWCxB7E_0g80c6_600x450.jpg"", ""https://images.craigslist.org/01313_5jRfZbQMa9X_0g80c6_600x450.jpg"", ""https://images.craigslist.org/00C0C_bzJmJ5rgsBk_0g80c6_600x450.jpg"", ""https://images.craigslist.org/00q0q_47J9pg3PuCC_0g80c6_600x450.jpg"", ""https://images.craigslist.org/01010_kUzZgfe1Wqj_0g80c6_600x450.jpg"", ""https://images.craigslist.org/00J0J_5KFa1Kcvx3j_0g80c6_600x450.jpg"", ""https://images.craigslist.org/01616_3SX6F9T9lYl_0g80c6_600x450.jpg"", ""https://images.craigslist.org/00u0u_6DRRXUQJ1N0_0g80c6_600x450.jpg"", ""https://images.craigslist.org/00y0y_1fbAtbHaPKO_0g80c6_600x450.jpg"", ""https://map6.craigslist.org/t09/14/2674/6282.png"", ""https://map7.craigslist.org/t09/14/2675/6282.png"", ""https://map7.craigslist.org/t09/14/2674/6283.png"", ""https://map8.craigslist.org/t09/14/2675/6283.png"", ""https://www.craigslist.org/images/map/marker-shadow.png"", ""https://www.craigslist.org/images/map/marker-icon.png""]","[""(916) 400-4485""]","2013 Ford Fiesta for sale - Fair Oaks, CA - craigslist =============== [CL](https://sacramento.craigslist.org/) * [sacramento](https://sacramento.craigslist.org/)> * [for sale by dealer](https://sacramento.craigslist.org/search/ssq)> * [cars+trucks](https://sacramento.craigslist.org/search/ctd) * [post](https://post.craigslist.org/c/sac) * [account](https://accounts.craigslist.org/login/home) * [0 favorites](https://sacramento.craigslist.org/ctd/d/fair-oaks-2013-ford-fiesta-se-4dr-sedan/79173604",2026-02-28T02:18:05.379376+00:00,2026-02-28T02:18:05.533662+00:00
craigslist-7916483731,craigslist,7916483731,https://sfbay.craigslist.org/sby/ctd/d/san-jose-2012-ford-fiesta-se-4dr/7916483731.html,dealer,,,"2012 Ford Fiesta SE for sale - San Jose, CA",2012,Ford,Fiesta,SE,4400,129000,3FADP4EJ8CM137961,used,excellent,automatic,gas,fwd,hatchback,blue,4 cylinders,clean,,San Jose,37.322624,-121.943381,"[""https://images.craigslist.org/00a0a_4knDcqwn8u3_0CI0rY_600x450.jpg"", ""https://images.craigslist.org/00m0m_al6I81siXk5_0tj0t2_600x450.jpg"", ""https://images.craigslist.org/00w0w_k9dEDB5FmV2_0CI0t2_600x450.jpg"", ""https://images.craigslist.org/00P0P_iaywcgh7a0N_0CI0nJ_600x450.jpg"", ""https://images.craigslist.org/00v0v_a6cChN7zOYR_0CI0t2_600x450.jpg"", ""https://images.craigslist.org/00w0w_ixUJDkYizh_0uj0t2_600x450.jpg"", ""https://images.craigslist.org/00202_eDbWdoXIibV_0CI0t2_600x450.jpg"", ""https://images.craigslist.org/00W0W_8zwGBQ4YlxM_0CI0t2_600x450.jpg"", ""https://images.craigslist.org/00z0z_9NAHESHxQBS_0CI0t2_600x450.jpg"", ""https://images.craigslist.org/00g0g_6TwNx8pmjkh_0lM0t2_600x450.jpg"", ""https://images.craigslist.org/01010_2eEZYCmgx33_0CI0t2_600x450.jpg"", ""https://images.craigslist.org/00h0h_lnWjvCU4KSu_0lM0t2_600x450.jpg"", ""https://images.craigslist.org/00H0H_5le56jFLAnM_0CI0t2_600x450.jpg"", ""https://map9.craigslist.org/t09/14/2641/6358.png"", ""https://map0.craigslist.org/t09/14/2642/6358.png"", ""https://map0.craigslist.org/t09/14/2641/6359.png"", ""https://map1.craigslist.org/t09/14/2642/6359.png"", ""https://www.craigslist.org/images/map/marker-shadow.png"", ""https://www.craigslist.org/images/map/marker-icon.png""]","[""650-520-6091""]","2012 Ford Fiesta SE for sale - San Jose, CA - craigslist =============== [CL](https://sfbay.craigslist.org/) * [SF bay area](https://sfbay.craigslist.org/)> * [south bay](https://sfbay.craigslist.org/sby/)> * [for sale by dealer](https://sfbay.craigslist.org/search/sby/ssq)> * [cars+trucks](https://sfbay.craigslist.org/search/sby/ctd) * [post](https://post.craigslist.org/c/sfo) * [account](https://accounts.craigslist.org/login/home) * [0 favorites](https://sfbay.craigslist.org/sby/ctd/d/san-jose",2026-02-28T02:18:05.379538+00:00,2026-02-28T02:18:05.535577+00:00
craigslist-7915667255,craigslist,7915667255,https://sacramento.craigslist.org/cto/d/roseville-ford-fiesta-2015/7915667255.html,owner,,,"2015 ford fiesta se for sale by owner - Roseville, CA",2015,Ford,Fiesta,SE,6699,49986,,used,excellent,automatic,gas,fwd,sedan,blue,4 cylinders,clean,,Roseville,,,"[""https://images.craigslist.org/00r0r_7niwP40XKln_0t20CI_600x450.jpg"", ""https://images.craigslist.org/00000_lkXNo23f04v_0t20CI_600x450.jpg"", ""https://images.craigslist.org/00q0q_aPjhIvYtsgO_0t20CI_600x450.jpg"", ""https://images.craigslist.org/00U0U_8vWGlMNA6M0_0t20CI_600x450.jpg"", ""https://images.craigslist.org/00I0I_fFOd4YkhzOO_0t20CI_600x450.jpg"", ""https://images.craigslist.org/00909_eVYxAXXiDRI_0t20CI_600x450.jpg"", ""https://images.craigslist.org/00X0X_iLmg07QOOQS_0t20CI_600x450.jpg"", ""https://images.craigslist.org/00d0d_amgRscfEOmD_0t20CI_600x450.jpg"", ""https://images.craigslist.org/00r0r_eNCpVOoCgWM_0t20CI_600x450.jpg"", ""https://images.craigslist.org/00u0u_fe2qWHKDa8P_0t20CI_600x450.jpg"", ""https://map9.craigslist.org/t09/13/1333/3136.png"", ""https://map0.craigslist.org/t09/13/1334/3136.png"", ""https://map0.craigslist.org/t09/13/1333/3137.png"", ""https://map1.craigslist.org/t09/13/1334/3137.png""]",[],"2015 ford fiesta se for sale by owner - Roseville, CA - craigslist =============== [CL](https://sacramento.craigslist.org/) * [sacramento](https://sacramento.craigslist.org/)> * [for sale by owner](https://sacramento.craigslist.org/search/sso)> * [cars+trucks](https://sacramento.craigslist.org/search/cto) * [post](https://post.craigslist.org/c/sac) * [account](https://accounts.craigslist.org/login/home) * [0 favorites](https://sacramento.craigslist.org/cto/d/roseville-ford-fiesta-2015/7915667255",2026-02-28T02:18:05.379654+00:00,2026-02-28T02:18:05.537137+00:00
craigslist-7916343274,craigslist,7916343274,https://sfbay.craigslist.org/sby/cto/d/san-jose-2016-ford-fiesta-sedan-clean/7916343274.html,owner,,,"2016 ford fiesta se sedan for sale by owner - San Jose, CA",2016,Ford,Fiesta,SE,4500,74514,3FADP4BJ7GM179502,used,good,automatic,gas,fwd,sedan,silver,4 cylinders,clean,,San Jose,,,"[""https://images.craigslist.org/01515_bfH9VdQqdfp_0CI0t2_600x450.jpg"", ""https://images.craigslist.org/00D0D_gdzxIwLb6MY_0CI0t2_600x450.jpg"", ""https://images.craigslist.org/01313_2XJb6UCGqzF_0CI0t2_600x450.jpg"", ""https://images.craigslist.org/00x0x_CwyXWUeufB_0CI0t2_600x450.jpg"", ""https://images.craigslist.org/00L0L_2KzIENpyoRL_0CI0t2_600x450.jpg"", ""https://images.craigslist.org/00909_ftl2oWS3F2K_0t20CI_600x450.jpg"", ""https://images.craigslist.org/00l0l_4pvELJcsiJ8_0CI0t2_600x450.jpg"", ""https://images.craigslist.org/00g0g_gU6ERk9TnOR_0lM0CI_600x450.jpg"", ""https://images.craigslist.org/00404_1jvG5iuUzMX_0CI0t2_600x450.jpg"", ""https://map9.craigslist.org/t09/13/1321/3178.png"", ""https://map0.craigslist.org/t09/13/1322/3178.png"", ""https://map0.craigslist.org/t09/13/1321/3179.png"", ""https://map1.craigslist.org/t09/13/1322/3179.png""]",[],"2016 ford fiesta se sedan for sale by owner - San Jose, CA - craigslist =============== [CL](https://sfbay.craigslist.org/) * [SF bay area](https://sfbay.craigslist.org/)> * [south bay](https://sfbay.craigslist.org/sby/)> * [for sale by owner](https://sfbay.craigslist.org/search/sby/sso)> * [cars+trucks](https://sfbay.craigslist.org/search/sby/cto) * [post](https://post.craigslist.org/c/sfo) * [account](https://accounts.craigslist.org/login/home) * [0 favorites](https://sfbay.craigslist.org/sby/",2026-02-28T02:18:05.379718+00:00,2026-02-28T02:18:05.538658+00:00
craigslist-7915212438,craigslist,7915212438,https://sacramento.craigslist.org/ctd/d/modesto-2017-ford-fiesta-financing/7915212438.html,dealer,,,This Ford Fiesta can be yours today!,2017,Ford,Fiesta,,6495,87122,3FADP4BJ4HM143512,,,automatic,gas,fwd,other,gray,4 cylinders,clean,,Modesto,37.6385,-120.968,"[""https://images.craigslist.org/00v0v_RiOvtAYKL0_0jm0ew_600x450.jpg"", ""https://images.craigslist.org/00d0d_i2DZrz4bh98_0jm0ew_600x450.jpg"", ""https://images.craigslist.org/00a0a_djzv6FvayYv_0jm0ew_600x450.jpg"", ""https://images.craigslist.org/00I0I_2GlH6OwiuPJ_0jm0ew_600x450.jpg"", ""https://images.craigslist.org/00707_b04e8FKihi2_0jm0ew_600x450.jpg"", ""https://images.craigslist.org/01313_knjS7EMb2k4_0jm0ew_600x450.jpg"", ""https://images.craigslist.org/00K0K_goEuJZhHey4_0jm0ew_600x450.jpg"", ""https://images.craigslist.org/00202_HXwuTknAAF_0jm0ew_600x450.jpg"", ""https://images.craigslist.org/00y0y_lpohVfTMsMf_0jm0ew_600x450.jpg"", ""https://images.craigslist.org/01515_jJ7PI8FS6Te_0jm0ew_600x450.jpg"", ""https://images.craigslist.org/00000_gkeQq0MCVlZ_0jm0ew_600x450.jpg"", ""https://images.craigslist.org/01111_8xs6HO3MdrQ_0jm0ew_600x450.jpg"", ""https://images.craigslist.org/00E0E_90BbKo2wC2D_0jm0ew_600x450.jpg"", ""https://images.craigslist.org/00k0k_gqbDGjGPVZF_0jm0ew_600x450.jpg"", ""https://images.craigslist.org/00D0D_g9V4lQXmhgR_0jm0ew_600x450.jpg"", ""https://images.craigslist.org/00j0j_5jodJT9CEEr_0jm0ew_600x450.jpg"", ""https://images.craigslist.org/00b0b_7Adamc8XP1t_0jm0ew_600x450.jpg"", ""https://images.craigslist.org/00c0c_1tdS9RHSNGn_0jm0ew_600x450.jpg"", ""https://images.craigslist.org/00b0b_emdOF9rxaSz_0jm0ew_600x450.jpg"", ""https://images.craigslist.org/00i0i_1P16K3FbgT0_0jm0ew_600x450.jpg"", ""https://images.craigslist.org/00G0G_d1H1CMVni3Y_0jm0ew_600x450.jpg"", ""https://images.craigslist.org/00q0q_bw93G4mThvR_0jm0ew_600x450.jpg"", ""https://images.craigslist.org/00b0b_EAXcwW7gyK_0jm0ew_600x450.jpg"", ""https://images.craigslist.org/00M0M_55tlo9rQaqv_0jm0ew_600x450.jpg"", ""https://map6.craigslist.org/t09/14/2686/6340.png"", ""https://map7.craigslist.org/t09/14/2686/6341.png"", ""https://map5.craigslist.org/t09/14/2685/6340.png"", ""https://map7.craigslist.org/t09/14/2687/6340.png"", ""https://map6.craigslist.org/t09/14/2685/6341.png"", ""https://map8.craigslist.org/t09/14/2687/6341.png"", ""https://www.craigslist.org/images/map/marker-shadow.png"", ""https://www.craigslist.org/images/map/marker-icon.png""]","[""(209) 500-6099"", ""209.408.0153"", ""209-408-0153""]","2017 Ford Fiesta for sale - Modesto, CA - craigslist =============== [CL](https://sacramento.craigslist.org/) * [sacramento](https://sacramento.craigslist.org/)> * [for sale by dealer](https://sacramento.craigslist.org/search/ssq)> * [cars+trucks](https://sacramento.craigslist.org/search/ctd) * [post](https://post.craigslist.org/c/sac) * [account](https://accounts.craigslist.org/login/home) * [0 favorites](https://sacramento.craigslist.org/ctd/d/modesto-2017-ford-fiesta-financing/7915212438.html",2026-02-28T02:18:05.379794+00:00,2026-02-28T02:18:05.541202+00:00
craigslist-7915881367,craigslist,7915881367,https://sfbay.craigslist.org/pen/cto/d/menlo-park-2017-ford-fiesta-se-16/7915881367.html,owner,,,"2017 ford fiesta se hatchback for sale by owner - Menlo Park, CA",2017,Ford,Fiesta,SE,7995,74775,,used,runs and drives great,manual,gas,,hatchback,black,,clean,,Menlo Park,,,"[""https://images.craigslist.org/00s0s_fL9GbptqcTJ_0CI0pY_600x450.jpg"", ""https://images.craigslist.org/01313_iGSbxD8chpr_0vQ0oK_600x450.jpg"", ""https://images.craigslist.org/00M0M_h7HZ0GMHhjh_0xt0t1_600x450.jpg"", ""https://images.craigslist.org/00707_jCGG6uM8uRy_0CI0o9_600x450.jpg"", ""https://images.craigslist.org/00U0U_lnANAANRenN_0CI0lM_600x450.jpg"", ""https://images.craigslist.org/00404_aSC4jt11tZD_0CI0lM_600x450.jpg"", ""https://images.craigslist.org/00y0y_6uxwNGFJrQb_0CI0lM_600x450.jpg"", ""https://map0.craigslist.org/t09/13/1315/3175.png"", ""https://map1.craigslist.org/t09/13/1315/3176.png"", ""https://map9.craigslist.org/t09/13/1314/3175.png"", ""https://map1.craigslist.org/t09/13/1316/3175.png"", ""https://map0.craigslist.org/t09/13/1314/3176.png"", ""https://map2.craigslist.org/t09/13/1316/3176.png""]",[],"2017 ford fiesta se hatchback for sale by owner - Menlo Park, CA - craigslist =============== [CL](https://sfbay.craigslist.org/) * [SF bay area](https://sfbay.craigslist.org/)> * [peninsula](https://sfbay.craigslist.org/pen/)> * [for sale by owner](https://sfbay.craigslist.org/search/pen/sso)> * [cars+trucks](https://sfbay.craigslist.org/search/pen/cto) * [post](https://post.craigslist.org/c/sfo) * [account](https://accounts.craigslist.org/login/home) * [0 favorites](https://sfbay.craigslist.or",2026-02-28T02:18:05.379909+00:00,2026-02-28T02:18:05.542620+00:00
craigslist-7914468229,craigslist,7914468229,https://sacramento.craigslist.org/ctd/d/west-sacramento-2013-ford-fiesta-very/7914468229.html,dealer,,,"2013 Ford Fiesta SE for sale - West Sacramento, CA",2013,Ford,Fiesta,SE,3200,54513,3FADP4EJ7DM195674,used,good,automatic,gas,fwd,hatchback,gray,4 cylinders,clean,,West Sacramento,38.587361,-121.539355,"[""https://images.craigslist.org/01212_30DFJ9zKSbc_0CI0t2_600x450.jpg"", ""https://images.craigslist.org/00o0o_aIevwEWOGVc_0CI0t2_600x450.jpg"", ""https://map5.craigslist.org/t09/14/2660/6285.png"", ""https://map6.craigslist.org/t09/14/2660/6286.png"", ""https://map4.craigslist.org/t09/14/2659/6285.png"", ""https://map6.craigslist.org/t09/14/2661/6285.png"", ""https://map5.craigslist.org/t09/14/2659/6286.png"", ""https://map7.craigslist.org/t09/14/2661/6286.png"", ""https://www.craigslist.org/images/map/marker-shadow.png"", ""https://www.craigslist.org/images/map/marker-icon.png""]","[""916-372-1418""]","2013 Ford Fiesta SE for sale - West Sacramento, CA - craigslist =============== [CL](https://sacramento.craigslist.org/) * [sacramento](https://sacramento.craigslist.org/)> * [for sale by dealer](https://sacramento.craigslist.org/search/ssq)> * [cars+trucks](https://sacramento.craigslist.org/search/ctd) * [post](https://post.craigslist.org/c/sac) * [account](https://accounts.craigslist.org/login/home) * [0 favorites](https://sacramento.craigslist.org/ctd/d/west-sacramento-2013-ford-fiesta-very/7",2026-02-28T02:18:05.379972+00:00,2026-02-28T02:18:05.544027+00:00
craigslist-7915761532,craigslist,7915761532,https://sfbay.craigslist.org/nby/cto/d/san-rafael-2019-ford-fiesta-se/7915761532.html,owner,,,"2019 ford fiesta se hatchback for sale by owner - San Rafael, CA",2019,Ford,Fiesta,SE,7999,76000,,used,good,automatic,gas,,hatchback,,,clean,,San Rafael,,,"[""https://images.craigslist.org/00E0E_ijmqAtoQWOc_0CI0t2_600x450.jpg"", ""https://images.craigslist.org/00K0K_3wglMqvr6gz_0xS0pq_600x450.jpg"", ""https://images.craigslist.org/00t0t_lSQzV4LryYd_0CI0t2_600x450.jpg"", ""https://images.craigslist.org/00404_jvtOtP4NOyW_0xS0pq_600x450.jpg"", ""https://images.craigslist.org/00z0z_4JbZfzdROEN_0hd0t2_600x450.jpg"", ""https://map7.craigslist.org/t09/13/1307/3160.png"", ""https://map8.craigslist.org/t09/13/1308/3160.png"", ""https://map8.craigslist.org/t09/13/1307/3161.png"", ""https://map9.craigslist.org/t09/13/1308/3161.png""]",[],"2019 ford fiesta se hatchback for sale by owner - San Rafael, CA - craigslist =============== [CL](https://sfbay.craigslist.org/) * [SF bay area](https://sfbay.craigslist.org/)> * [north bay](https://sfbay.craigslist.org/nby/)> * [for sale by owner](https://sfbay.craigslist.org/search/nby/sso)> * [cars+trucks](https://sfbay.craigslist.org/search/nby/cto) * [post](https://post.craigslist.org/c/sfo) * [account](https://accounts.craigslist.org/login/home) * [0 favorites](https://sfbay.craigslist.or",2026-02-28T02:18:05.380033+00:00,2026-02-28T02:18:05.545367+00:00
craigslist-7914105256,craigslist,7914105256,https://sacramento.craigslist.org/ctd/d/west-sacramento-2019-ford-fiesta/7914105256.html,dealer,,,"2019 FORD FIESTA for sale - West Sacramento, CA",2019,Ford,Fiesta,,5991,148404,,used,excellent,automatic,gas,fwd,sedan,white,4 cylinders,clean,,West Sacramento,38.573762,-121.522949,"[""https://images.craigslist.org/00t0t_8AweimjDVkb_0CI0t2_600x450.jpg"", ""https://images.craigslist.org/01414_4w1n1cEE7aa_0CI0t2_600x450.jpg"", ""https://images.craigslist.org/00A0A_B0cO2PC0Y1_0CI0t2_600x450.jpg"", ""https://images.craigslist.org/00G0G_9yyYgRhKg0G_0CI0t2_600x450.jpg"", ""https://images.craigslist.org/00L0L_i2EXbAzz1oZ_0CI0t2_600x450.jpg"", ""https://images.craigslist.org/00U0U_cBRDiLlptpS_0CI0t2_600x450.jpg"", ""https://images.craigslist.org/00Q0Q_4JV3Vn8LjrQ_0CI0t2_600x450.jpg"", ""https://images.craigslist.org/00z0z_eWJf5CykLRD_0CI0t2_600x450.jpg"", ""https://map6.craigslist.org/t09/14/2660/6286.png"", ""https://map7.craigslist.org/t09/14/2661/6286.png"", ""https://map5.craigslist.org/t09/14/2660/6285.png"", ""https://map6.craigslist.org/t09/14/2661/6285.png"", ""https://map7.craigslist.org/t09/14/2660/6287.png"", ""https://map8.craigslist.org/t09/14/2661/6287.png"", ""https://www.craigslist.org/images/map/marker-shadow.png"", ""https://www.craigslist.org/images/map/marker-icon.png""]","[""916-596-8160""]","2019 FORD FIESTA for sale - West Sacramento, CA - craigslist =============== [CL](https://sacramento.craigslist.org/) * [sacramento](https://sacramento.craigslist.org/)> * [for sale by dealer](https://sacramento.craigslist.org/search/ssq)> * [cars+trucks](https://sacramento.craigslist.org/search/ctd) * [post](https://post.craigslist.org/c/sac) * [account](https://accounts.craigslist.org/login/home) * [0 favorites](https://sacramento.craigslist.org/ctd/d/west-sacramento-2019-ford-fiesta/791410525",2026-02-28T02:18:05.380089+00:00,2026-02-28T02:18:05.547199+00:00
craigslist-7915666093,craigslist,7915666093,https://sfbay.craigslist.org/sby/cto/d/san-jose-2014-ford-fiesta-titanium/7915666093.html,owner,,,"2014 Ford Fiesta Titanium Hatchback for sale by owner - San Jose, CA",2014,Ford,Fiesta,Titanium,7300,67000,,used,excellent,automatic,gas,fwd,hatchback,red,4 cylinders,clean,,San Jose,,,"[""https://map8.craigslist.org/t09/13/1319/3179.png"", ""https://map9.craigslist.org/t09/13/1320/3179.png"", ""https://map9.craigslist.org/t09/13/1319/3180.png"", ""https://map0.craigslist.org/t09/13/1320/3180.png""]",[],"2014 Ford Fiesta Titanium Hatchback for sale by owner - San Jose, CA - craigslist =============== [CL](https://sfbay.craigslist.org/) * [SF bay area](https://sfbay.craigslist.org/)> * [south bay](https://sfbay.craigslist.org/sby/)> * [for sale by owner](https://sfbay.craigslist.org/search/sby/sso)> * [cars+trucks](https://sfbay.craigslist.org/search/sby/cto) * [post](https://post.craigslist.org/c/sfo) * [account](https://accounts.craigslist.org/login/home) * [0 favorites](https://sfbay.craigslis",2026-02-28T02:18:05.380166+00:00,2026-02-28T02:18:05.548286+00:00
craigslist-7913789478,craigslist,7913789478,https://sacramento.craigslist.org/cto/d/sacramento-2016-ford-fiesta-st/7913789478.html,owner,,,"2016 Ford Fiesta St for sale by owner - Sacramento, CA",2016,Ford,Fiesta,ST,7500,105000,,used,excellent,manual,gas,,hatchback,,,clean,,Sacramento,,,"[""https://images.craigslist.org/01111_eyJ8Qu256Hg_0CI0t2_600x450.jpg"", ""https://images.craigslist.org/00303_hyc33oT9KED_0CI0t2_600x450.jpg"", ""https://images.craigslist.org/00U0U_29uACt5OJCT_0CI0t2_600x450.jpg"", ""https://images.craigslist.org/00909_clJiSEE81AK_0CI0t2_600x450.jpg"", ""https://images.craigslist.org/00t0t_iaf3ojSbFwD_0CI0t2_600x450.jpg"", ""https://images.craigslist.org/00606_kr0V6R9eKdP_0t20CI_600x450.jpg"", ""https://images.craigslist.org/00A0A_1ndy9nkXBC2_0t20CI_600x450.jpg"", ""https://map9.craigslist.org/t09/13/1334/3145.png"", ""https://map0.craigslist.org/t09/13/1335/3145.png"", ""https://map0.craigslist.org/t09/13/1334/3146.png"", ""https://map1.craigslist.org/t09/13/1335/3146.png""]",[],"2016 Ford Fiesta St for sale by owner - Sacramento, CA - craigslist =============== [CL](https://sacramento.craigslist.org/) * [sacramento](https://sacramento.craigslist.org/)> * [for sale by owner](https://sacramento.craigslist.org/search/sso)> * [cars+trucks](https://sacramento.craigslist.org/search/cto) * [post](https://post.craigslist.org/c/sac) * [account](https://accounts.craigslist.org/login/home) * [0 favorites](https://sacramento.craigslist.org/cto/d/sacramento-2016-ford-fiesta-st/79137",2026-02-28T02:18:05.380215+00:00,2026-02-28T02:18:05.549682+00:00
craigslist-7915212469,craigslist,7915212469,https://sfbay.craigslist.org/eby/ctd/d/modesto-2017-ford-fiesta-financing/7915212469.html,dealer,,,This Ford Fiesta can be yours today!,2017,Ford,Fiesta,,6495,87122,3FADP4BJ4HM143512,,,automatic,gas,fwd,other,gray,4 cylinders,clean,,Modesto,37.6385,-120.968,"[""https://images.craigslist.org/00v0v_RiOvtAYKL0_0jm0ew_600x450.jpg"", ""https://images.craigslist.org/00d0d_i2DZrz4bh98_0jm0ew_600x450.jpg"", ""https://images.craigslist.org/00a0a_djzv6FvayYv_0jm0ew_600x450.jpg"", ""https://images.craigslist.org/00I0I_2GlH6OwiuPJ_0jm0ew_600x450.jpg"", ""https://images.craigslist.org/00707_b04e8FKihi2_0jm0ew_600x450.jpg"", ""https://images.craigslist.org/01313_knjS7EMb2k4_0jm0ew_600x450.jpg"", ""https://images.craigslist.org/00K0K_goEuJZhHey4_0jm0ew_600x450.jpg"", ""https://images.craigslist.org/00202_HXwuTknAAF_0jm0ew_600x450.jpg"", ""https://images.craigslist.org/00y0y_lpohVfTMsMf_0jm0ew_600x450.jpg"", ""https://images.craigslist.org/01515_jJ7PI8FS6Te_0jm0ew_600x450.jpg"", ""https://images.craigslist.org/00000_gkeQq0MCVlZ_0jm0ew_600x450.jpg"", ""https://images.craigslist.org/01111_8xs6HO3MdrQ_0jm0ew_600x450.jpg"", ""https://images.craigslist.org/00E0E_90BbKo2wC2D_0jm0ew_600x450.jpg"", ""https://images.craigslist.org/00k0k_gqbDGjGPVZF_0jm0ew_600x450.jpg"", ""https://images.craigslist.org/00D0D_g9V4lQXmhgR_0jm0ew_600x450.jpg"", ""https://images.craigslist.org/00j0j_5jodJT9CEEr_0jm0ew_600x450.jpg"", ""https://images.craigslist.org/00b0b_7Adamc8XP1t_0jm0ew_600x450.jpg"", ""https://images.craigslist.org/00c0c_1tdS9RHSNGn_0jm0ew_600x450.jpg"", ""https://images.craigslist.org/00b0b_emdOF9rxaSz_0jm0ew_600x450.jpg"", ""https://images.craigslist.org/00i0i_1P16K3FbgT0_0jm0ew_600x450.jpg"", ""https://images.craigslist.org/00G0G_d1H1CMVni3Y_0jm0ew_600x450.jpg"", ""https://images.craigslist.org/00q0q_bw93G4mThvR_0jm0ew_600x450.jpg"", ""https://images.craigslist.org/00b0b_EAXcwW7gyK_0jm0ew_600x450.jpg"", ""https://images.craigslist.org/00M0M_55tlo9rQaqv_0jm0ew_600x450.jpg"", ""https://map6.craigslist.org/t09/14/2686/6340.png"", ""https://map7.craigslist.org/t09/14/2686/6341.png"", ""https://map5.craigslist.org/t09/14/2685/6340.png"", ""https://map7.craigslist.org/t09/14/2687/6340.png"", ""https://map6.craigslist.org/t09/14/2685/6341.png"", ""https://map8.craigslist.org/t09/14/2687/6341.png"", ""https://www.craigslist.org/images/map/marker-shadow.png"", ""https://www.craigslist.org/images/map/marker-icon.png""]","[""(209) 500-6099"", ""209.408.0153"", ""209-408-0153""]","2017 Ford Fiesta for sale - Modesto, CA - craigslist =============== [CL](https://sfbay.craigslist.org/) * [SF bay area](https://sfbay.craigslist.org/)> * [east bay](https://sfbay.craigslist.org/eby/)> * [for sale by dealer](https://sfbay.craigslist.org/search/eby/ssq)> * [cars+trucks](https://sfbay.craigslist.org/search/eby/ctd) * [post](https://post.craigslist.org/c/sfo) * [account](https://accounts.craigslist.org/login/home) * [0 favorites](https://sfbay.craigslist.org/eby/ctd/d/modesto-2017-",2026-02-28T02:18:05.380272+00:00,2026-02-28T02:18:05.552235+00:00
craigslist-7915065099,craigslist,7915065099,https://sfbay.craigslist.org/eby/cto/d/fremont-2012-ford-fiesta-low-mileage/7915065099.html,owner,,,"2012 ford fiesta se hatchback for sale by owner - Fremont, CA",2012,Ford,Fiesta,SE,4500,35000,,used,like new,automatic,gas,fwd,hatchback,blue,4 cylinders,clean,,Fremont,,,"[""https://images.craigslist.org/00303_haWJ3L3BQL4_0t20CI_600x450.jpg"", ""https://images.craigslist.org/00b0b_jHadEGO5YXc_0t20CI_600x450.jpg"", ""https://images.craigslist.org/00O0O_5VAFsqups1y_0t20CI_600x450.jpg"", ""https://images.craigslist.org/00606_g9G6LnEOdRe_0t20CI_600x450.jpg"", ""https://images.craigslist.org/00z0z_lLlMUhN4mA2_0t20CI_600x450.jpg"", ""https://images.craigslist.org/00p0p_gLnqNDNsbxm_0t20CI_600x450.jpg"", ""https://images.craigslist.org/00t0t_la1bohH9fLF_0t20CI_600x450.jpg"", ""https://images.craigslist.org/01111_izUbGb0Vf9U_0t20CI_600x450.jpg"", ""https://images.craigslist.org/01515_iDxVqMPmK2L_0t20CI_600x450.jpg"", ""https://images.craigslist.org/00j0j_b0eZszulAAh_0t20CI_600x450.jpg"", ""https://images.craigslist.org/00k0k_3DtAzlA8zKW_0t20CI_600x450.jpg"", ""https://map2.craigslist.org/t09/13/1320/3172.png"", ""https://map3.craigslist.org/t09/13/1320/3173.png"", ""https://map1.craigslist.org/t09/13/1319/3172.png"", ""https://map3.craigslist.org/t09/13/1321/3172.png"", ""https://map2.craigslist.org/t09/13/1319/3173.png"", ""https://map4.craigslist.org/t09/13/1321/3173.png""]",[],"2012 ford fiesta se hatchback for sale by owner - Fremont, CA - craigslist =============== [CL](https://sfbay.craigslist.org/) * [SF bay area](https://sfbay.craigslist.org/)> * [east bay](https://sfbay.craigslist.org/eby/)> * [for sale by owner](https://sfbay.craigslist.org/search/eby/sso)> * [cars+trucks](https://sfbay.craigslist.org/search/eby/cto) * [post](https://post.craigslist.org/c/sfo) * [account](https://accounts.craigslist.org/login/home) * [0 favorites](https://sfbay.craigslist.org/eb",2026-02-28T02:18:05.380387+00:00,2026-02-28T02:18:05.553872+00:00
craigslist-7915013398,craigslist,7915013398,https://sfbay.craigslist.org/nby/ctd/d/west-sacramento-2019-ford-fiesta-clean/7915013398.html,dealer,,,This Ford Fiesta can be yours today!,2019,Ford,Fiesta,,6491,147902,3FADP4AJ5KM109703,,,automatic,gas,fwd,sedan,white,4 cylinders,clean,,West Sacramento,38.5734,-121.523,"[""https://images.craigslist.org/01414_hOzWjtChuXT_0jm0ew_600x450.jpg"", ""https://images.craigslist.org/00F0F_3stfWIXcVa6_0jm0ew_600x450.jpg"", ""https://images.craigslist.org/01313_fCG6QvTJ99q_0jm0ew_600x450.jpg"", ""https://images.craigslist.org/00e0e_2qEqyEhzSGm_0jm0ew_600x450.jpg"", ""https://images.craigslist.org/00A0A_ljngfR025zU_0jm0ew_600x450.jpg"", ""https://images.craigslist.org/01616_2ZYe2bWApBC_0jm0ew_600x450.jpg"", ""https://images.craigslist.org/00E0E_eusaI0zr00_0jm0ew_600x450.jpg"", ""https://images.craigslist.org/01212_hrWScFBPIF1_0jm0ew_600x450.jpg"", ""https://images.craigslist.org/00C0C_i1kIUfdm9sc_0jm0ew_600x450.jpg"", ""https://images.craigslist.org/00A0A_lVq74iS59ic_0jm0ew_600x450.jpg"", ""https://images.craigslist.org/00l0l_dZdF9SlOSV6_0jm0ew_600x450.jpg"", ""https://images.craigslist.org/00909_1HXuwaXhjo5_0jm0ew_600x450.jpg"", ""https://images.craigslist.org/00h0h_bcMr7MVWf8R_0jm0ew_600x450.jpg"", ""https://images.craigslist.org/00606_2FCEX2d7ZUJ_0jm0ew_600x450.jpg"", ""https://images.craigslist.org/00i0i_g70S0CqCc7Y_0jm0ew_600x450.jpg"", ""https://images.craigslist.org/00i0i_2lNpigZVhux_0jm0ew_600x450.jpg"", ""https://map6.craigslist.org/t09/14/2660/6286.png"", ""https://map7.craigslist.org/t09/14/2661/6286.png"", ""https://map5.craigslist.org/t09/14/2660/6285.png"", ""https://map6.craigslist.org/t09/14/2661/6285.png"", ""https://map7.craigslist.org/t09/14/2660/6287.png"", ""https://map8.craigslist.org/t09/14/2661/6287.png"", ""https://www.craigslist.org/images/map/marker-shadow.png"", ""https://www.craigslist.org/images/map/marker-icon.png""]","[""(916) 596-8160"", ""916-873-8093""]","2019 Ford Fiesta for sale - West Sacramento, CA - craigslist =============== [CL](https://sfbay.craigslist.org/) * [SF bay area](https://sfbay.craigslist.org/)> * [north bay](https://sfbay.craigslist.org/nby/)> * [for sale by dealer](https://sfbay.craigslist.org/search/nby/ssq)> * [cars+trucks](https://sfbay.craigslist.org/search/nby/ctd) * [post](https://post.craigslist.org/c/sfo) * [account](https://accounts.craigslist.org/login/home) * [0 favorites](https://sfbay.craigslist.org/nby/ctd/d/west",2026-02-28T02:18:05.380454+00:00,2026-02-28T02:18:05.556353+00:00
craigslist-7914889100,craigslist,7914889100,https://sfbay.craigslist.org/sby/ctd/d/san-jose-2019-ford-fiesta-se-low-miles/7914889100.html,dealer,,,"2019 ford fiesta se for sale - San Jose, CA",2019,Ford,Fiesta,SE,7450,,,used,excellent,,gas,fwd,hatchback,white,4 cylinders,clean,,San Jose,37.322996,-121.954626,"[""https://images.craigslist.org/00a0a_9go6VVwyWy0_0CI0pO_600x450.jpg"", ""https://images.craigslist.org/00a0a_f2sc2CiOeYQ_0CI0pO_600x450.jpg"", ""https://images.craigslist.org/00202_lP6vpJeIMzZ_0CI0pO_600x450.jpg"", ""https://images.craigslist.org/01212_9fjiRIobC4L_0CI0pO_600x450.jpg"", ""https://images.craigslist.org/00z0z_9yX9484cvb6_0CI0pO_600x450.jpg"", ""https://images.craigslist.org/01313_lUvcopugVPx_0CI0pO_600x450.jpg"", ""https://images.craigslist.org/01010_beA5mr5ZLHh_0CI0pO_600x450.jpg"", ""https://images.craigslist.org/01515_jmj0WWzkgu5_0CI0pO_600x450.jpg"", ""https://images.craigslist.org/00A0A_kRTGjt3blNo_0CI0pO_600x450.jpg"", ""https://images.craigslist.org/00t0t_1k9ZxNY9Q8l_0CI0pO_600x450.jpg"", ""https://images.craigslist.org/01414_9qWF9TfDYP8_0CI0pO_600x450.jpg"", ""https://images.craigslist.org/01313_lPMWAQMOPQG_0CI0pO_600x450.jpg"", ""https://images.craigslist.org/00T0T_iwJBZqujf1c_0CI0pO_600x450.jpg"", ""https://images.craigslist.org/00T0T_iavWtIyRrkA_0CI0pO_600x450.jpg"", ""https://images.craigslist.org/00202_jRM33n7mqUB_0CI0pO_600x450.jpg"", ""https://images.craigslist.org/01212_2aTi7I7owem_0CI0pO_600x450.jpg"", ""https://images.craigslist.org/00x0x_5CcGqVv7q2n_0CI0pO_600x450.jpg"", ""https://images.craigslist.org/00T0T_bboA8gZJgJ_0CI0pO_600x450.jpg"", ""https://images.craigslist.org/00202_5eLfcpGmj9b_0CI0pO_600x450.jpg"", ""https://images.craigslist.org/01212_4xWQkzFw0vU_0CI0pO_600x450.jpg"", ""https://images.craigslist.org/00404_8P1RTpd8rEU_0pO0CI_600x450.jpg"", ""https://map9.craigslist.org/t09/14/2641/6358.png"", ""https://map0.craigslist.org/t09/14/2642/6358.png"", ""https://map0.craigslist.org/t09/14/2641/6359.png"", ""https://map1.craigslist.org/t09/14/2642/6359.png"", ""https://www.craigslist.org/images/map/marker-shadow.png"", ""https://www.craigslist.org/images/map/marker-icon.png""]","[""925 330 4952""]","2019 ford fiesta se for sale - San Jose, CA - craigslist =============== [CL](https://sfbay.craigslist.org/) * [SF bay area](https://sfbay.craigslist.org/)> * [south bay](https://sfbay.craigslist.org/sby/)> * [for sale by dealer](https://sfbay.craigslist.org/search/sby/ssq)> * [cars+trucks](https://sfbay.craigslist.org/search/sby/ctd) * [post](https://post.craigslist.org/c/sfo) * [account](https://accounts.craigslist.org/login/home) * [0 favorites](https://sfbay.craigslist.org/sby/ctd/d/san-jose",2026-02-28T02:18:05.380633+00:00,2026-02-28T02:18:05.558641+00:00
craigslist-7914595030,craigslist,7914595030,https://sfbay.craigslist.org/sby/cto/d/san-jose-2019-ford-fiesta-seon/7914595030.html,owner,,,"2019 Ford Fiesta SE for sale by owner - San Jose, CA",2019,Ford,Fiesta,SE,7990,78651,3FADP4EJ1KM138318,used,like new,automatic,gas,fwd,hatchback,black,4 cylinders,clean,,San Jose,37.357086,-121.889495,"[""https://images.craigslist.org/00J0J_iThsxecm7yd_0cU09G_600x450.jpg"", ""https://images.craigslist.org/00f0f_jCybctskhbO_0cU09G_600x450.jpg"", ""https://images.craigslist.org/00W0W_jLX4pxCzZvG_0cU09G_600x450.jpg"", ""https://images.craigslist.org/00V0V_doFKv0XAsS9_0cU09G_600x450.jpg"", ""https://images.craigslist.org/00i0i_dmuHUEsrqVO_0cU09G_600x450.jpg"", ""https://images.craigslist.org/00v0v_TMT8s0PPZd_0cU09G_600x450.jpg"", ""https://images.craigslist.org/00505_hdPpI6ygiah_0cU09G_600x450.jpg"", ""https://images.craigslist.org/00m0m_iN42bKbJqfF_0cU09G_600x450.jpg"", ""https://images.craigslist.org/00o0o_9NU9LEMxh1k_0cU09G_600x450.jpg"", ""https://images.craigslist.org/00101_1kaf80KKz9F_0cU09G_600x450.jpg"", ""https://map0.craigslist.org/t09/14/2644/6356.png"", ""https://map1.craigslist.org/t09/14/2645/6356.png"", ""https://map1.craigslist.org/t09/14/2644/6357.png"", ""https://map2.craigslist.org/t09/14/2645/6357.png"", ""https://www.craigslist.org/images/map/marker-shadow.png"", ""https://www.craigslist.org/images/map/marker-icon.png""]",[],"2019 Ford Fiesta SE for sale by owner - San Jose, CA - craigslist =============== [CL](https://sfbay.craigslist.org/) * [SF bay area](https://sfbay.craigslist.org/)> * [south bay](https://sfbay.craigslist.org/sby/)> * [for sale by owner](https://sfbay.craigslist.org/search/sby/sso)> * [cars+trucks](https://sfbay.craigslist.org/search/sby/cto) * [post](https://post.craigslist.org/c/sfo) * [account](https://accounts.craigslist.org/login/home) * [0 favorites](https://sfbay.craigslist.org/sby/cto/d/",2026-02-28T02:18:05.380725+00:00,2026-02-28T02:18:05.560409+00:00
craigslist-7914024149,craigslist,7914024149,https://sfbay.craigslist.org/sfc/ctd/d/daly-city-2014-ford-fiesta-titanium/7914024149.html,dealer,,,"2014 Ford Fiesta Titanium for sale - Daly City, CA",2014,Ford,Fiesta,Titanium,,67052,3FADP4CJ6EM241127,used,good,automatic,gas,fwd,sedan,,4 cylinders,clean,,Daly City,37.674223,-122.460184,"[""https://images.craigslist.org/00101_2OjcUzlXVV0_0ak07K_600x450.jpg"", ""https://images.craigslist.org/00303_ln9XSj0CB3R_0pO0jm_600x450.jpg"", ""https://images.craigslist.org/00J0J_fb0oFrbjVBF_0pO0jl_600x450.jpg"", ""https://images.craigslist.org/00505_gmgeJ0U3wxY_0pO0jm_600x450.jpg"", ""https://images.craigslist.org/01313_bAHx0vDfq81_0pO0jl_600x450.jpg"", ""https://images.craigslist.org/00R0R_71NXZgqbeAa_0pO0jm_600x450.jpg"", ""https://images.craigslist.org/00B0B_9rPqXFOULLK_0pO0jm_600x450.jpg"", ""https://images.craigslist.org/00d0d_dfsUGXQ1dA6_0pO0jl_600x450.jpg"", ""https://images.craigslist.org/00y0y_j0j0ENDmXgW_0pO0jm_600x450.jpg"", ""https://images.craigslist.org/00R0R_3XGBSARtzaz_0pO0jm_600x450.jpg"", ""https://images.craigslist.org/00i0i_eOeKHbgUVxm_0pO0jm_600x450.jpg"", ""https://images.craigslist.org/00m0m_abc6pP7otgN_0pO0jm_600x450.jpg"", ""https://images.craigslist.org/00K0K_4DvSwEVqcqO_0pO0jm_600x450.jpg"", ""https://images.craigslist.org/00G0G_ea2hqHO7K98_0pO0jm_600x450.jpg"", ""https://images.craigslist.org/00t0t_1reSl0pr4WC_0pO0jm_600x450.jpg"", ""https://images.craigslist.org/00000_3IloQRVFsl0_0pO0jm_600x450.jpg"", ""https://images.craigslist.org/00w0w_djhS57asyRs_0pO0jm_600x450.jpg"", ""https://images.craigslist.org/00303_429d2jPHmpp_0pO0jm_600x450.jpg"", ""https://images.craigslist.org/00404_d3T58AbW1EU_0pO0jm_600x450.jpg"", ""https://images.craigslist.org/00q0q_iTS4M9jzn5j_0pO0jm_600x450.jpg"", ""https://images.craigslist.org/00Z0Z_6s88bkDhLsk_0pO0jm_600x450.jpg"", ""https://images.craigslist.org/00C0C_2mXBNg9bOss_0pO0jm_600x450.jpg"", ""https://images.craigslist.org/00B0B_c1epI3ZKgrl_0pO0jm_600x450.jpg"", ""https://images.craigslist.org/00Y0Y_dBAkyS1wMk5_0pO0jm_600x450.jpg"", ""https://map6.craigslist.org/t09/14/2618/6338.png"", ""https://map7.craigslist.org/t09/14/2619/6338.png"", ""https://map5.craigslist.org/t09/14/2618/6337.png"", ""https://map6.craigslist.org/t09/14/2619/6337.png"", ""https://map7.craigslist.org/t09/14/2618/6339.png"", ""https://map8.craigslist.org/t09/14/2619/6339.png"", ""https://www.craigslist.org/images/map/marker-shadow.png"", ""https://www.craigslist.org/images/map/marker-icon.png""]","[""415-472-9297""]","2014 Ford Fiesta Titanium for sale - Daly City, CA - craigslist =============== [CL](https://sfbay.craigslist.org/) * [SF bay area](https://sfbay.craigslist.org/)> * [san francisco](https://sfbay.craigslist.org/sfc/)> * [for sale by dealer](https://sfbay.craigslist.org/search/sfc/ssq)> * [cars+trucks](https://sfbay.craigslist.org/search/sfc/ctd) * [post](https://post.craigslist.org/c/sfo) * [account](https://accounts.craigslist.org/login/home) * [0 favorites](https://sfbay.craigslist.org/sfc/ctd",2026-02-28T02:18:05.380798+00:00,2026-02-28T02:18:05.562747+00:00
craigslist-7913520397,craigslist,7913520397,https://sfbay.craigslist.org/eby/cto/d/walnut-creek-2018-ford-fiesta-se-low/7913520397.html,owner,,,"2018 FORD FIESTA for sale by owner - Walnut Creek, CA",2018,Ford,Fiesta,,6500,40464,,used,excellent,automatic,gas,fwd,hatchback,orange,4 cylinders,salvage,,Walnut Creek,37.936523,-122.054173,"[""https://images.craigslist.org/00p0p_12KMEtdhNmX_0CI0t2_600x450.jpg"", ""https://images.craigslist.org/00M0M_7MTfoZ8Rul1_0CI0t2_600x450.jpg"", ""https://images.craigslist.org/00H0H_8KPcgjEedsY_0CI0t2_600x450.jpg"", ""https://images.craigslist.org/00J0J_ahj2h7ZnHeo_0CI0t2_600x450.jpg"", ""https://images.craigslist.org/00z0z_ekVrprB7gFL_0CI0t2_600x450.jpg"", ""https://images.craigslist.org/00H0H_1FJLTXBItS2_0CI0t2_600x450.jpg"", ""https://images.craigslist.org/00U0U_4SJgup6EIUT_0CI0t2_600x450.jpg"", ""https://images.craigslist.org/00C0C_GsLU8eNJs4_0CI0t2_600x450.jpg"", ""https://images.craigslist.org/00y0y_hqN4Ub5NTo3_0CI0t2_600x450.jpg"", ""https://images.craigslist.org/00Y0Y_iKGAjvK1u7n_0CI0t2_600x450.jpg"", ""https://images.craigslist.org/00Z0Z_1BhQi4NUzbQ_0t20CI_600x450.jpg"", ""https://images.craigslist.org/00O0O_k94kltU5Hos_0CI0t2_600x450.jpg"", ""https://images.craigslist.org/00d0d_29k7rnhhfQo_0CI0t2_600x450.jpg"", ""https://map9.craigslist.org/t09/14/2636/6323.png"", ""https://map0.craigslist.org/t09/14/2637/6323.png"", ""https://map8.craigslist.org/t09/14/2636/6322.png"", ""https://map9.craigslist.org/t09/14/2637/6322.png"", ""https://map0.craigslist.org/t09/14/2636/6324.png"", ""https://map1.craigslist.org/t09/14/2637/6324.png"", ""https://www.craigslist.org/images/map/marker-shadow.png"", ""https://www.craigslist.org/images/map/marker-icon.png""]",[],"2018 FORD FIESTA for sale by owner - Walnut Creek, CA - craigslist =============== [CL](https://sfbay.craigslist.org/) * [SF bay area](https://sfbay.craigslist.org/)> * [east bay](https://sfbay.craigslist.org/eby/)> * [for sale by owner](https://sfbay.craigslist.org/search/eby/sso)> * [cars+trucks](https://sfbay.craigslist.org/search/eby/cto) * [post](https://post.craigslist.org/c/sfo) * [account](https://accounts.craigslist.org/login/home) * [0 favorites](https://sfbay.craigslist.org/eby/cto/d/",2026-02-28T02:18:05.380902+00:00,2026-02-28T02:18:05.564739+00:00
craigslist-7913166535,craigslist,7913166535,https://sfbay.craigslist.org/pen/cto/d/south-san-francisco-silver-ford-fiesta/7913166535.html,owner,,,"2013 ford fiesta se for sale by owner - South San Francisco, CA",2013,Ford,Fiesta,SE,3380,123847,,used,excellent,automatic,gas,fwd,hatchback,silver,4 cylinders,clean,,South San Francisco,,,"[""https://images.craigslist.org/00C0C_dVCfXnErp0w_0CI0t2_600x450.jpg"", ""https://images.craigslist.org/00h0h_63mINgevepA_0CI0t2_600x450.jpg"", ""https://images.craigslist.org/00J0J_bNVhpa5si9r_0CI0t2_600x450.jpg"", ""https://images.craigslist.org/00s0s_fg5KrRko29u_0CI0t2_600x450.jpg"", ""https://images.craigslist.org/00h0h_lS9GkodeCCL_0CI0t2_600x450.jpg"", ""https://images.craigslist.org/00O0O_4zGj1khEWoq_0CI0t2_600x450.jpg"", ""https://images.craigslist.org/00u0u_7A3djj2IqRJ_0CI0t2_600x450.jpg"", ""https://images.craigslist.org/00D0D_fI0tKsKDI0h_0CI0t2_600x450.jpg"", ""https://images.craigslist.org/00V0V_i2iO1OOAqAL_0CI0t2_600x450.jpg"", ""https://images.craigslist.org/00S0S_giOPwVI2cg2_0CI0t2_600x450.jpg"", ""https://images.craigslist.org/00b0b_6eRIFcBVsTH_0CI0t2_600x450.jpg"", ""https://images.craigslist.org/01515_hrOGRIBm9h9_0CI0t2_600x450.jpg"", ""https://images.craigslist.org/00Y0Y_lBjmjTh9PWz_0CI0t2_600x450.jpg"", ""https://images.craigslist.org/00W0W_11XM9E7eH6M_0CI0t2_600x450.jpg"", ""https://images.craigslist.org/01515_bhNmeINMVlK_0CI0t2_600x450.jpg"", ""https://images.craigslist.org/00J0J_eWfx3WTrEqD_0CI0t2_600x450.jpg"", ""https://map8.craigslist.org/t09/13/1309/3169.png"", ""https://map9.craigslist.org/t09/13/1310/3169.png"", ""https://map9.craigslist.org/t09/13/1309/3170.png"", ""https://map0.craigslist.org/t09/13/1310/3170.png""]",[],"2013 ford fiesta se for sale by owner - South San Francisco, CA - craigslist =============== [CL](https://sfbay.craigslist.org/) * [SF bay area](https://sfbay.craigslist.org/)> * [peninsula](https://sfbay.craigslist.org/pen/)> * [for sale by owner](https://sfbay.craigslist.org/search/pen/sso)> * [cars+trucks](https://sfbay.craigslist.org/search/pen/cto) * [post](https://post.craigslist.org/c/sfo) * [account](https://accounts.craigslist.org/login/home) * [0 favorites](https://sfbay.craigslist.org",2026-02-28T02:18:05.380975+00:00,2026-02-28T02:18:05.566854+00:00
craigslist-7911576845,craigslist,7911576845,https://sfbay.craigslist.org/nby/ctd/d/san-rafael-2011-ford-fiesta-se-se-habla/7911576845.html,dealer,,,"2011 Ford Fiesta SE for sale - San Rafael, CA",2011,Ford,Fiesta,SE,6500,83073,3FADP4EJ3BM175726,,,automatic,gas,fwd,hatchback,red,,,,San Rafael,37.961528,-122.511314,"[""https://images.craigslist.org/00n0n_gJD5ymFzRxk_0cU09G_600x450.jpg"", ""https://images.craigslist.org/00404_NE3eZJZ9rU_0cU09G_600x450.jpg"", ""https://images.craigslist.org/00202_34UaSbAv7lf_0cU09G_600x450.jpg"", ""https://images.craigslist.org/00505_3FXLXBqgBqu_0cU09G_600x450.jpg"", ""https://images.craigslist.org/00N0N_fNnQi2rjIQE_0cU09G_600x450.jpg"", ""https://images.craigslist.org/00B0B_11OShey4Nb_0cU09G_600x450.jpg"", ""https://images.craigslist.org/00A0A_cdjC9obpcwN_0cU09G_600x450.jpg"", ""https://images.craigslist.org/00q0q_3FwXMRQDol8_0cU09G_600x450.jpg"", ""https://images.craigslist.org/00808_4cDNTcesexM_0cU09G_600x450.jpg"", ""https://images.craigslist.org/00b0b_bfvFyfQlHcJ_0cU09G_600x450.jpg"", ""https://images.craigslist.org/00w0w_7xumDfmGRFL_0cU09G_600x450.jpg"", ""https://images.craigslist.org/00i0i_d6jKHpIQYmK_0cU09G_600x450.jpg"", ""https://images.craigslist.org/00x0x_jsn5tTMnkOz_0cU09G_600x450.jpg"", ""https://images.craigslist.org/00L0L_jiAnNGLwEmN_0cU09G_600x450.jpg"", ""https://images.craigslist.org/00d0d_6CmxvQfgrlv_0cU09G_600x450.jpg"", ""https://images.craigslist.org/00909_c3kujn0oJiK_0cU09G_600x450.jpg"", ""https://images.craigslist.org/00707_kBvW7LhX64Y_0cU09G_600x450.jpg"", ""https://images.craigslist.org/01515_iTKl6A7CmjW_0cU09G_600x450.jpg"", ""https://images.craigslist.org/00z0z_6PAq0Z837p7_0cU09G_600x450.jpg"", ""https://images.craigslist.org/00D0D_kp4VybLWiod_0cU09G_600x450.jpg"", ""https://images.craigslist.org/00t0t_hX2B624CBIe_0cU09G_600x450.jpg"", ""https://images.craigslist.org/00z0z_8qbXiGZG8hy_0cU09G_600x450.jpg"", ""https://images.craigslist.org/00L0L_bn4rW8PLUAp_0cU09G_600x450.jpg"", ""https://map6.craigslist.org/t09/14/2615/6321.png"", ""https://map7.craigslist.org/t09/14/2616/6321.png"", ""https://map7.craigslist.org/t09/14/2615/6322.png"", ""https://map8.craigslist.org/t09/14/2616/6322.png"", ""https://www.craigslist.org/images/map/marker-shadow.png"", ""https://www.craigslist.org/images/map/marker-icon.png""]","[""(415) 295-4840""]","2011 Ford Fiesta SE for sale - San Rafael, CA - craigslist =============== [CL](https://sfbay.craigslist.org/) * [SF bay area](https://sfbay.craigslist.org/)> * [north bay](https://sfbay.craigslist.org/nby/)> * [for sale by dealer](https://sfbay.craigslist.org/search/nby/ssq)> * [cars+trucks](https://sfbay.craigslist.org/search/nby/ctd) * [post](https://post.craigslist.org/c/sfo) * [account](https://accounts.craigslist.org/login/home) * [0 favorites](https://sfbay.craigslist.org/nby/ctd/d/san-ra",2026-02-28T02:18:05.381052+00:00,2026-02-28T02:18:05.570007+00:00
craigslist-7912200459,craigslist,7912200459,https://sacramento.craigslist.org/cto/d/roseville-2017-ford-fiesta-se-92k-miles/7912200459.html,owner,,,"2017 ford fiesta se for sale by owner - Roseville, CA",2017,Ford,Fiesta,SE,3400,92000,,used,excellent,automatic,gas,fwd,sedan,black,4 cylinders,salvage,,Roseville,,,"[""https://images.craigslist.org/00C0C_Ohy1cetAk8_0lM0CI_600x450.jpg"", ""https://images.craigslist.org/00Y0Y_6Xj25HlEWvR_0lM0CI_600x450.jpg"", ""https://images.craigslist.org/00F0F_8bjWCEEjDNo_0lM0CI_600x450.jpg"", ""https://images.craigslist.org/00n0n_lP0v4hCpIqY_0lM0CI_600x450.jpg"", ""https://images.craigslist.org/00303_JvWjdTRPno_0lM0CI_600x450.jpg"", ""https://images.craigslist.org/00707_fjlMe6xHYKR_0lM0CI_600x450.jpg"", ""https://images.craigslist.org/00101_cCX2a4Glfdu_0lM0CI_600x450.jpg"", ""https://map0.craigslist.org/t09/13/1333/3137.png"", ""https://map1.craigslist.org/t09/13/1334/3137.png"", ""https://map9.craigslist.org/t09/13/1333/3136.png"", ""https://map0.craigslist.org/t09/13/1334/3136.png"", ""https://map1.craigslist.org/t09/13/1333/3138.png"", ""https://map2.craigslist.org/t09/13/1334/3138.png""]",[],"2017 ford fiesta se for sale by owner - Roseville, CA - craigslist =============== [CL](https://sacramento.craigslist.org/) * [sacramento](https://sacramento.craigslist.org/)> * [for sale by owner](https://sacramento.craigslist.org/search/sso)> * [cars+trucks](https://sacramento.craigslist.org/search/cto) * [post](https://post.craigslist.org/c/sac) * [account](https://accounts.craigslist.org/login/home) * [0 favorites](https://sacramento.craigslist.org/cto/d/roseville-2017-ford-fiesta-se-92k-mil",2026-02-28T02:18:05.381215+00:00,2026-02-28T02:18:05.571591+00:00
